date,platform,keyword,type,title,url,author,votes,heat
2026-05-18,zhihu,RDK,article,一名大模型算法工程师的机器人开发之路（一）——地瓜机器人RDK X5 开发板测评,https://zhuanlan.zhihu.com/p/1902399027,方小达,9,0
2026-05-18,zhihu,RDK,answer,树莓派、RDK X3/X5新手如何选择？,https://www.zhihu.com/question/1449888407/answer/59111222659,AI机器人极客,9,0
2026-05-18,zhihu,RDK,answer,树莓派、RDK X3/X5新手如何选择？,https://www.zhihu.com/question/1449888407/answer/34983886990,mlbo,2,0
2026-05-18,zhihu,RDK,answer,你是否购买了地瓜机器人的RDK X5，感觉怎么样？,https://www.zhihu.com/question/839515618/answer/4973176459,Crow.Lu,11,0
2026-05-18,zhihu,RDK,article,地瓜机器人发布RDK X5开发平台,https://zhuanlan.zhihu.com/p/13538152606,AI机器人极客,3,0
2026-05-18,zhihu,RDK,article,开发板-RDK X5使用,https://zhuanlan.zhihu.com/p/1967547369483662856,未来科技,0,0
2026-05-18,zhihu,RDK,answer,树莓派、RDK X3/X5新手如何选择？,https://www.zhihu.com/question/1449888407/answer/10197983019,Lyric Law,2,0
2026-05-18,zhihu,RDK,article,地瓜机器人RDK X5使用测试,https://zhuanlan.zhihu.com/p/2038620274833273760,Waves,3,0
2026-05-18,zhihu,RDK,article,国产机器人开发板，用起来会比树莓派更好吗？,https://zhuanlan.zhihu.com/p/1893224967673472948,机器人开发圈,1,0
2026-05-18,zhihu,RDK,article,RDK 腿臂机器人:这只 “机械汪” 竟会说人话、走花路！,https://zhuanlan.zhihu.com/p/1923521080460551144,地瓜机器人,1,0
2026-05-18,xiaohongshu,RDK,post,RDK全球挑战赛开启，这次真的不孤军奋战了,https://www.xiaohongshu.com/search_result/6a06e430000000000702aa99?xsec_token=ABBvRlDNk75e30HKdXqnvVjCHtTbIDFleRagb0S939iMw=&xsec_source=,地瓜机器人,0,0
2026-05-18,xiaohongshu,RDK,post,地瓜机器人具身智能板子RDK S100 开箱！,https://www.xiaohongshu.com/search_result/69e055a3000000001a034639?xsec_token=ABMVxkWMoCaTyoEj3bLFIsLAfR-hKnAEZ-e7NPQ9IWz5A=&xsec_source=,Shockley,0,0
2026-05-18,xiaohongshu,RDK,post,🔥直击地瓜机器人RDK S100发布会现场！,https://www.xiaohongshu.com/search_result/684bb79a000000002001f7b9?xsec_token=ABWrBz3Z1abX7huhYRoGGa0B0-vHQpsiKHVXrC0kMRfqs=&xsec_source=,Shockley,0,0
2026-05-18,xiaohongshu,RDK,post,rdk x5 部署qwen3-0.6b 模型,https://www.xiaohongshu.com/search_result/68b84535000000001d0084c0?xsec_token=ABgI48Ct4WSEn9GbTTSmtO4dUnABHbtpCI6N4grkpMGlc=&xsec_source=,不要葱姜蒜,0,0
2026-05-18,xiaohongshu,RDK,post,RDK X5+双目相机到手,https://www.xiaohongshu.com/search_result/68fb591d0000000004016703?xsec_token=ABf6tPpSIoUh37LtLRAAiEoAg1wrjJFDvkm6oe1SGvsPM=&xsec_source=,MetricCube,0,0
2026-05-18,xiaohongshu,RDK,post,机器人开发套件RDK S100发布，50+企业测评,https://www.xiaohongshu.com/search_result/684fb50e000000002301cb36?xsec_token=ABf0uzIgiLuWICMiYZk_MIunN5muw_9n9rJMuMJgLGKFI=&xsec_source=,量子位,0,0
2026-05-18,xiaohongshu,RDK,post,「玩转地瓜派」：把 RDK 玩出圈的100种可能,https://www.xiaohongshu.com/search_result/68a842c8000000001d008f74?xsec_token=AB2EM77hEP8IpFY8jGzhrUFG_gUSIDxUKu_xdHW9ITpu4=&xsec_source=,隋伟,0,0
2026-05-18,xiaohongshu,RDK,post,✨超详细！RDK X5程序上电自启动教程 | 零基,https://www.xiaohongshu.com/search_result/67d94aad000000000603bca3?xsec_token=ABYF3GXlc9xWJ9Uc2hd1lPSc9QaSzANpU1Dc66eisvkxY=&xsec_source=,小孟在努力,0,0
2026-05-18,xiaohongshu,RDK,post,地瓜RDK在韩国~,https://www.xiaohongshu.com/search_result/68d9e0eb0000000013018900?xsec_token=ABYbDNwaTBebGKwDBGbW5wQEv0RmhNuEQEPXu1t9XWGqA=&xsec_source=,Charles,0,0
2026-05-18,xiaohongshu,RDK,post,【武科大地瓜机器人基地介绍—RDK X5介绍,https://www.xiaohongshu.com/search_result/673c6dd7000000000202902a?xsec_token=ABssUeVq1PyTTl8yXxoJhieLr0EVzzQBBqGFFk6-e4mlA=&xsec_source=,武科大的烤地瓜,0,0
2026-05-18,google,RDK,result,Home - RDK Central | The open source platform for the future,https://rdkcentral.com/,,0,0
2026-05-18,google,RDK,result,RDK X5,https://developer.d-robotics.cc/en/rdkx5,,0,0
2026-05-18,google,RDK,result,rdkcentral,https://github.com/rdkcentral,,0,0
2026-05-18,google,RDK,result,RDK Hub - Innovation Hub,https://www.innovation-hub.com/rdk-hub,,0,0
2026-05-18,google,RDK,result,资料,https://developer.d-robotics.cc/information,,0,0
2026-05-18,google,RDK,result,RDK Services API Documentation,https://rdkcentral.github.io/rdkservices/,,0,0
2026-05-18,google,RDK,result,RDK 란? : 네이버 블로그,https://blog.naver.com/sapagosu/221907835040?viewType=pc,,0,0
2026-05-18,google,RDK,result,Welcome to RDK X5 Robot repository,https://www.yahboom.net/study/RDK-X5-Robot,,0,0
2026-05-18,google,RDK,result,Is RDK the future for embedded? - Reddit,"https://www.reddit.com/r/embedded/comments/11gy2fa/is_rdk_the_future_for_embedded/#:~:text=I%20recently%20started%20working%20for,set%20top%20boxes%20and%20others.",,0,0
2026-05-18,google,RDK,result,Rashed Bin Darwish Al Ketbi Commercial Investment (RDK),"https://www.protenders.com/companies/rashed-bin-darwish-al-ketbi-commercial-investment-1acd7dc7-1f83-4da1-8476-b85da712845a#:~:text=Headed%20by%20its%20visionary%20Chairman,within%20the%20UAE%20business%20community.",,0,0
2026-05-18,google,RDK,result,Robert F. Kennedy Jr. - Wikipedia,"https://en.wikipedia.org/wiki/Robert_F._Kennedy_Jr.#:~:text=Early%20life%20and%20education,-Kennedy%20with%20his&text=Robert%20Francis%20Kennedy%20Jr.%20was,Kennedy%20and%20Senator%20Ted%20Kennedy.",,0,0
2026-05-18,google,RDK,result,About Us - RDK Central | The open source platform for the future,"https://rdkcentral.com/what-is-rdk#:~:text=Designed%20to%20be%20the%20Platform,for%20operators%20and%20service%20providers.",,0,0
2026-05-18,google,RDK,result,RDK,https://www.linkedin.com/company/rdkcentral,,0,0
2026-05-18,google,RDK,result,Documentation | RDK Video - RDK Documentation Portal ...,https://developer.rdkcentral.com/documentation/documentation/rdk_video_documentation/,,0,0
2026-05-18,reddit,RDK,post,"UPDATED: Underground RVC/RDK cell found and beat 'Mikhail' Admin of TrackANaziMerc Telegram Channel. St. Petersburg, Jan 31, 2026",https://www.reddit.com/r/UkraineWarVideoReport/comments/1r0nwic/updated_underground_rvcrdk_cell_found_and_beat/,Ra1nCoat,0,0
2026-05-18,reddit,RDK,post,"The Telegraph is openly platforming the RDK, a nazi military group who openly murder, rape and torture civilians",https://www.reddit.com/r/GreenAndPleasant/comments/1nk4pq8/the_telegraph_is_openly_platforming_the_rdk_a/,TheKomsomol,0,0
2026-05-18,reddit,RDK,post,Russian neo-nazi and leader of RDK terrorist group has been killed,https://www.reddit.com/r/GreenAndPleasant/comments/1pwuv0q/russian_neonazi_and_leader_of_rdk_terrorist_group/,TheKomsomol,0,0
2026-05-18,reddit,RDK,post,Russian Volunteer Corps (RDK) publishes footage of another sortie into Russia ,https://www.reddit.com/r/CombatFootage/comments/143kapw/russian_volunteer_corps_rdk_publishes_footage_of/,tomina69,0,0
2026-05-18,reddit,RDK,post,Footage from a captured GoPro of a RDK soldier who was dropped off in Belgorod Oblast by a Ukranian Black Hawk,https://www.reddit.com/r/CombatFootage/comments/1bzcgp3/footage_from_a_captured_gopro_of_a_rdk_soldier/,duccyzuccy,0,0
2026-05-18,reddit,RDK,post,"☠️The village of Nova Tavolzhanka of the Belgorod region, with a population of more than 5,000 people, has been completely controlled by the RDK fighters for more than a day.",https://www.reddit.com/r/ukraine/comments/141l8ck/the_village_of_nova_tavolzhanka_of_the_belgorod/,mandingo_gringo,0,0
2026-05-18,reddit,RDK,post,"Another Russian volunteer corps, RDK, issued the latest appeal:
 ""All RDK supporters take action, we all have a unique opportunity to decide our fate and the fate of our motherland, go to Moscow, bomb the Kremlin!""",https://www.reddit.com/r/ThatsInsane/comments/14ht8ps/another_russian_volunteer_corps_rdk_issued_the/,qingslx,0,0
2026-05-18,reddit,RDK,post,Russians wiped out their own assault group mistaking it for an RDK group in the Ocheretino area,https://www.reddit.com/r/UkraineWarVideoReport/comments/1cb7vyj/russians_wiped_out_their_own_assault_group/,Murai-birdybirds,0,0
2026-05-18,reddit,RDK,post,"BELGOROD PEOPLE’S REPUBLIC IS EXPANDING Min 4 towns have come under the control of the RDK and the Legion of Free Russia The Kremlin does NOT control these territories There are battles for Moore, Nekhotevka, Zibrovka, Arkhangelsk, Novaya Tavolzhanka, Shchebekino, Rzhevka, Nezhgolsk and Voznesenovka",https://www.reddit.com/r/UkrainianConflict/comments/140teog/belgorod_peoples_republic_is_expanding_min_4/,brezhnervous,0,0
2026-05-18,reddit,RDK,post,"Liberty of Russia Legion and RDK have crossed border into Kursk and Belgorod. Video released ""Good morning from the Russian Ukrainian border""",https://www.reddit.com/r/UkraineWarVideoReport/comments/1bcqjgw/liberty_of_russia_legion_and_rdk_have_crossed/,TotalSpaceNut,0,0
2026-05-18,hackernews,RDK,post,Show HN: cl-rdkafka – A Common Lisp library for Kafka,https://github.com/SahilKang/cl-rdkafka,sahil-kang,0,0
2026-05-18,hackernews,RDK,post,Show HN: MolBuilder – SMILES to manufacturing in pure Python (no RDKit),https://github.com/Taylor-C-Powell/Molecule_Builder,taylorp661,0,0
2026-05-18,hackernews,RDK,post,OpenWRT vs. RDK vs. PrplOS,https://pyjamabrah.com/posts/battle-router-titans/,thefilmore,0,0
2026-05-18,hackernews,RDK,post,From Sleep to Speed: Making Rdkafka Sync Operations 16 Times Faster,https://mensfeld.pl/2024/05/from-sleep-to-speed-making-rdkafka-sync-operations-16-times-faster/,amalinovic,0,0
2026-05-18,hackernews,RDK,post,Pure Python Rdkit Alternative,https://github.com/levlai/chiralipy,valdemor,0,0
2026-05-18,hackernews,RDK,post,RDKit: Open-Source Toolkit for Cheminformatics and Machine Learning,https://github.com/rdkit/rdkit,TechMogul,0,0
2026-05-18,hackernews,RDK,post,Rdkafka: Modern Kafka client library for Ruby based on librdkafka,https://github.com/karafka/rdkafka-ruby,thunderbong,0,0
2026-05-18,hackernews,RDK,post,"Show HN: OpenMix, open-source computational framework for formulation science",https://github.com/vijayvkrishnan/openmix,vijayvkrishnan,0,0
2026-05-18,csdn,RDK,article,RDK X5 的360度环视开发记录 - 火山引擎ADG 社区,https://adg.csdn.net/6953329d5b9f5f31781bc4e0.html,,0,0
2026-05-18,csdn,RDK,article,RDK X5 部署PaddleOCR 文字识别实战教程 - AtomGit开源社区,https://gitcode.csdn.net/6a06060010ee7a33f2729f5c.html,,0,0
2026-05-18,csdn,RDK,article,解决RDK X（ARM架构）板卡Remote-SSH运行Antigravity AI ...,https://gitcode.csdn.net/69fd99be54b52172bc726fb8.html,,0,0
2026-05-18,csdn,RDK,article,告别Ollama 慢推理！利用RDK S100 BPU 算力自制OpenAI API ...,https://datacanvas.csdn.net/69cf2eb572111d255bf7ae5f.html,,0,0
2026-05-18,csdn,RDK,article,基于ESP32S3 + RDK X5 的智能语音监管机器人：语音交互,https://gitcode.csdn.net/69f87f2c54b52172bc71c3f8.html,,0,0
2026-05-18,csdn,RDK,article,RDK X5 镜像备份（详细）_G果 - 火山引擎ADG 社区,https://adg.csdn.net/696f2565437a6b4033697869.html,,0,0
2026-05-18,csdn,RDK,article,RDK X5超新手入门教程：从系统烧录到yolov5物体识别,https://damodev.csdn.net/68634eebb93e2f41796202c7.html,,0,0
2026-05-18,csdn,RDK,article,[RDK X5] MJPG编解码开发实战 - 火山引擎ADG 社区,https://adg.csdn.net/6952392f5b9f5f31781b3a74.html,,0,0
2026-05-18,csdn,RDK,article,RDK新一代模型转换可视化工具！！！,https://blog.csdn.net/xiongqi123123/article/details/145579154,,0,0
2026-05-18,csdn,RDK,article,RDK X3 Framework 集成探索 - AtomGit开源社区,https://gitcode.csdn.net/69daacd054b52172bc68daca.html,,0,0
2026-05-18,zhihu,X3,answer,有没有降噪和OPPO Enco x3差不多的耳机，但是音质会更好一点的推荐？,https://www.zhihu.com/question/1890505434844095768/answer/1897372975931573398,William,13,0
2026-05-18,zhihu,X3,answer,BBA中，奔驰glc宝马X3，奥迪Q5L哪个值得入手？,https://www.zhihu.com/question/449321891/answer/1947983474,4YourEyezOnly,1061,0
2026-05-18,zhihu,X3,answer,买宝马X3还是X5？,https://www.zhihu.com/question/621500506/answer/2035004031224034274,老炼说车,2,0
2026-05-18,zhihu,X3,article,阁中帝子今何在，飞入寻常百姓家——飞利浦X3主观评价,https://zhuanlan.zhihu.com/p/572316524,包雪龙,30,0
2026-05-18,zhihu,X3,article,买宝马X3的究竟是怎样一群人？,https://zhuanlan.zhihu.com/p/354193331,阿源说车,69,0
2026-05-18,zhihu,X3,answer,适马宣布正在研发全画幅 Foveon X3 传感器，该传感器有哪些独特之处？,https://www.zhihu.com/question/14135231171/answer/119983734769,烤明太鱼,51,0
2026-05-18,zhihu,X3,article,【我想开了】开了G48宝马X3,https://zhuanlan.zhihu.com/p/2036163243262128685,我想开了Out_About,2,0
2026-05-18,zhihu,X3,article,OPPO Watch X3（oppowatchx3）值得买吗？体验三天优缺点测评,https://zhuanlan.zhihu.com/p/2035034792941577007,小白同学,0,0
2026-05-18,zhihu,X3,answer,换代之后的宝马X3为什么销量如此拉胯？,https://www.zhihu.com/question/1915522847771726642/answer/1916309838201324697,揸车去边 Cooper,11,0
2026-05-18,zhihu,X3,article,全网最全2026款宝马X3测评：像宝马X4的X3，值多少分？（上集）,https://zhuanlan.zhihu.com/p/2023071584810713724,老炼说车,3,0
2026-05-18,xiaohongshu,X3,post,地平线 RDK x3 的中断响应,https://www.xiaohongshu.com/search_result/6954abc3000000001f0081a4?xsec_token=ABGPC1NZaZIzc8c45ZA56p2vEZXCHZ2IQOhxE0ZhFy_VA=&xsec_source=,朝三暮四郎,0,0
2026-05-18,xiaohongshu,X3,post,阅星瞳X3才是亲儿子，仪式感拉满,https://www.xiaohongshu.com/search_result/697e0711000000000a03f805?xsec_token=ABeNINcTo2UJwDjKqTBtYxPzNcT6ZLQHflngSU8EnDgt8=&xsec_source=,一纸素白,0,0
2026-05-18,xiaohongshu,X3,post,宝马新X3，不到25万了，宝马X3还能撑多久？,https://www.xiaohongshu.com/search_result/687b1fbc000000002001aa88?xsec_token=ABfMxBcyYL-d1reiSIoy2KC5h9QSxmq3ijL_bI6L_ce_Y=&xsec_source=,正在说车,0,0
2026-05-18,xiaohongshu,X3,post,上🚗聊|从特斯拉到宝马X3，没想到差这么,https://www.xiaohongshu.com/search_result/68a5b813000000001c005997?xsec_token=ABBAt9GPS_U9JP6qdDJQCN2KFixi4LPWoZ8YDLDRsU6Fc=&xsec_source=,老师的好东西,0,0
2026-05-18,xiaohongshu,X3,post,全新宝马X3最全按键说明来啦❗先收藏再观看,https://www.xiaohongshu.com/search_result/6944b2be000000001e001297?xsec_token=AB2XFFApbZchhWI0Rj9Aa5MhrlYdHWvo5zTC6zRf0ePvg=&xsec_source=,浙江最老实的宝马销售 | 王sir,0,0
2026-05-18,xiaohongshu,X3,post,宝马X3,https://www.xiaohongshu.com/search_result/69ff3f3b000000003601ef0b?xsec_token=AByivdR1sTwHlD5lA8S-3GpuO8zTB9COvGRrGc1jB1TgM=&xsec_source=,fresh（重生之省钱自装篇）,0,0
2026-05-18,xiaohongshu,X3,post,一图速览｜宝马 X3 26款最高降 5.19 万,https://www.xiaohongshu.com/search_result/69762a05000000000c034b71?xsec_token=ABFiHiMb64hm8zrr13OruUu5UVbZMWt_UgsqRbuNcYMSI=&xsec_source=,触角说 Auto,0,0
2026-05-18,xiaohongshu,X3,post,神州租车--宝马 X3,https://www.xiaohongshu.com/search_result/69cfcba60000000021004e6a?xsec_token=ABHP6ZfZthb1NlqqcKhkUj2aq4lbxGWFwXtuNfZ4Rd3d8=&xsec_source=,月球上的人,0,0
2026-05-18,xiaohongshu,X3,post,全新一代宝马X3上市 34.99万起售,https://www.xiaohongshu.com/search_result/67aebbae000000001800df46?xsec_token=ABksNAIMp30bblCRtvrGb8blx3MJK7_2BR8f31bhceuxg=&xsec_source=,电车网界⚡,0,0
2026-05-18,xiaohongshu,X3,post,宝马X3｜买车不听劝系列,https://www.xiaohongshu.com/search_result/6810d48700000000210194cf?xsec_token=ABxHjK0PYJR1tn-f_XlbJL_JBG2WCC4HlOoLsUjfyNgj4=&xsec_source=,车视界,0,0
2026-05-18,google,X3,result,"BMW X3 (G45): 모델 정보, 내 차량 만들기, 가격",https://www.bmw.co.kr/ko/all-models/x-series/x3/bmw-x3.html,,0,0
2026-05-18,google,X3,result,"BMW X3 SUV: Model overview, features, and specs",https://www.bmwusa.com/vehicles/x-series/x3/bmw-x3.html,,0,0
2026-05-18,google,X3,result,BMW X3,https://namu.wiki/w/BMW%20X3,,0,0
2026-05-18,google,X3,result,BMW X3 - 신차 견적내기 - 다나와 자동차,https://auto.danawa.com/newcar/?Work=estimate&Model=4656,,0,0
2026-05-18,google,X3,result,"2026 BMW X3 Review, Pricing, and Specs",https://www.caranddriver.com/bmw/x3,,0,0
2026-05-18,google,X3,result,"BMW X3 M50 xDrive (G45): 모델 정보, 내 차량 만들기, 가격",https://www.bmw.co.kr/ko/all-models/m-series/x3-m50/bmw-x3-m50.html,,0,0
2026-05-18,google,X3,result,BMW X3,https://en.wikipedia.org/wiki/BMW_X3,,0,0
2026-05-18,google,X3,result,"BMW X3 가격표, 제원 상세 정보",http://www.carnoon.co.kr/newcar/vehicle/11032,,0,0
2026-05-18,google,X3,result,X3(G01) 가격·제원·사양 - 다나와 자동차,https://auto.danawa.com/auto/?Work=model&Model=3499&Lineup=42362&Tab=item,,0,0
2026-05-18,reddit,X3,post,X3 vs X4: The struggle is real,https://www.reddit.com/r/xteinkereader/comments/1sv511d/x3_vs_x4_the_struggle_is_real/,Few_Negotiation8902,0,0
2026-05-18,reddit,X3,post,"X3 – A Personal, Very Positive Take",https://www.reddit.com/r/xteinkereader/comments/1sxsm2s/x3_a_personal_very_positive_take/,alfrehn,0,0
2026-05-18,reddit,X3,post,"What do you think of the new BMW X3, in terms of its appearance, power, interior, and space",https://www.reddit.com/r/BMW/comments/1sxn84f/what_do_you_think_of_the_new_bmw_x3_in_terms_of/,Ancient-Bet3655,0,0
2026-05-18,reddit,X3,post,How risky do we think it would be to buy an X3 with the intention of flashing it right now?,https://www.reddit.com/r/XTEINK/comments/1t01ggc/how_risky_do_we_think_it_would_be_to_buy_an_x3/,maskedcollective,0,0
2026-05-18,reddit,X3,post,X3 | X4 size comparison,https://www.reddit.com/r/xteinkereader/comments/1r3ylv4/x3_x4_size_comparison/,weededfawn,0,0
2026-05-18,reddit,X3,post,X3 M40i ruined it for me,https://www.reddit.com/r/BMW/comments/1sm8e8z/x3_m40i_ruined_it_for_me/,LeadingScorer,0,0
2026-05-18,reddit,X3,post,X3 | I'm Loving it,https://www.reddit.com/r/xteinkereader/comments/1r56xv5/x3_im_loving_it/,Fallenfang,0,0
2026-05-18,reddit,X3,post,X3 is a nicer upgrade!,https://www.reddit.com/r/XTEINK/comments/1shefpd/x3_is_a_nicer_upgrade/,Repulsive_Curve2529,0,0
2026-05-18,reddit,X3,post,"X3 came yesterday, the good and the bad so far",https://www.reddit.com/r/xteinkereader/comments/1t8boo4/x3_came_yesterday_the_good_and_the_bad_so_far/,Another_Timezone,0,0
2026-05-18,reddit,X3,post,The mf who bought gold and crude oil x3 ETF on Friday,https://www.reddit.com/r/wallstreetbets/comments/1rin5l8/the_mf_who_bought_gold_and_crude_oil_x3_etf_on/,Satk333,0,0
2026-05-18,hackernews,X3,post,"AMD Reveals Threadripper 2: Up to 32 Cores, 250W, X399 Refresh",https://www.anandtech.com/show/12906/amd-reveals-threadripper-2-up-to-32-cores-250w-x399-refresh,gnufied,0,0
2026-05-18,hackernews,X3,post,Linux Kernel Developers Discuss Dropping x32 Support,https://www.phoronix.com/scan.php?page=news_item&px=Linux-Potentially-Drops-x32,pantalaimon,0,0
2026-05-18,hackernews,X3,post,Arm Unveils Next-Gen Flagship Core: Cortex-X3,https://fuse.wikichip.org/news/6855/arm-unveils-next-gen-flagship-core-cortex-x3/,rbanffy,0,0
2026-05-18,hackernews,X3,post,Asus Prime X370-PRO specs suggest AMD Ryzen processors may support ECC memory,http://webcache.googleusercontent.com/search?q=cache:https://www.asus.com/gr/Motherboards/PRIME-X370-PRO/specifications/,en,0,0
2026-05-18,hackernews,X3,post,Let’s Encrypt DST Root CA X3 Expiration – September 2021,https://letsencrypt.org/docs/dst-root-ca-x3-expiration-september-2021/,jorislacance,0,0
2026-05-18,hackernews,X3,post,Linux 3.4+: arbitrary write with CONFIG_X86_X32 (CVE-2014-0038),http://seclists.org/oss-sec/2014/q1/187,akerl_,0,0
2026-05-18,hackernews,X3,post,Xbox 360 Reset Glitch Hack - Unsigned Code on current Kernels incl. X360 SLIM,http://libxenon.org/index.php?topic=145.0,ttol,0,0
2026-05-18,hackernews,X3,post,Let's Encrypt DST Root CA X3 has expired,https://twitter.com/letsencrypt/status/1443621997288767491,synack,0,0
2026-05-18,hackernews,X3,post,x64dbg: An open-source x64/x32 debugger for Windows,https://github.com/x64dbg/x64dbg,donutloop,0,0
2026-05-18,hackernews,X3,post,X32 ABI,https://en.wikipedia.org/wiki/X32_ABI,rocky1138,0,0
2026-05-18,csdn,X3,article,基于地平线工具链的YOLOv5模型转换与X3部署实践,https://aiot.csdn.net/69df63080a2f6a37c5a02290.html,,0,0
2026-05-18,csdn,X3,article,题解：CodeForces | CF1C Ancient Berland Circus_牛茂林,https://oi.csdn.net/67bd4afab8d50678a2401222.html,,0,0
2026-05-18,csdn,X3,article,数信院生信服务器到底有多猛？,https://datacanvas.csdn.net/695dbd5a0846ec2c4c5abacb.html,,0,0
2026-05-18,csdn,X3,article,开源CMS 安全加固实战：Discuz! 漏洞挖掘与修复,https://adg.csdn.net/6972f283437a6b40336b58f5.html,,0,0
2026-05-18,csdn,X3,article,P3405 [USACO16DEC] Cities and States S - 信息学奥赛社区,https://oi.csdn.net/67e23887552ea4594ed867d0.html,,0,0
2026-05-18,csdn,X3,article,题解| CSP-S | [NOIP2022] 种花 - 信息学奥赛社区,https://oi.csdn.net/67be7a0bb8d50678a240a977.html,,0,0
2026-05-18,csdn,X3,article,MATLAB如何画三轴图 - 智能机器人开发者社区,https://irobotdeveloper.csdn.net/690daef282fbe0098ca94763.html,,0,0
2026-05-18,csdn,X3,article,基于AI生成的SM4加密算法 - DeepSeek技术社区,https://deepseek.csdn.net/67d7a8e2807ce562bfe21f62.html,,0,0
2026-05-18,csdn,X3,article,地平线旭日X3平台本地h.264视频流的解码和显示_自动驾驶,https://adg.csdn.net/6970725e437a6b40336a47d1.html,,0,0
2026-05-18,csdn,X3,article,机器学习系列5-特征组合、简化正则化 - AI编程社区,https://aicoding.csdn.net/683ffea8606a8318e85b35fe.html,,0,0
2026-05-18,zhihu,X5,answer,宝马X5有哪些优缺点？,https://www.zhihu.com/question/341630204/answer/2021582680333001610,职场开心就好KK,6,0
2026-05-18,zhihu,X5,answer,拥有一辆宝马X5是怎样一种体验？,https://www.zhihu.com/question/306089487/answer/1966974014346994592,划水的浆,94,0
2026-05-18,zhihu,X5,answer,需要多少资产才可以开的了宝马x5？,https://www.zhihu.com/question/278592051/answer/801391821,洗衣液,138,0
2026-05-18,zhihu,X5,answer,养一年宝马x5多少钱？,https://www.zhihu.com/question/315226068/answer/1995582373279051932,飏子,96,0
2026-05-18,zhihu,X5,answer,给你一辆宝马X5一年的使用权，多少人能养的起？,https://www.zhihu.com/question/15200614008/answer/1939830160858801265,老司机不迷路,388,0
2026-05-18,zhihu,X5,answer,给你一辆宝马X5一年的使用权，多少人能养的起？,https://www.zhihu.com/question/15200614008/answer/2023487951296833163,迷人的小红,285,0
2026-05-18,zhihu,X5,answer,宝马 X5 在中国是什么档次？,https://www.zhihu.com/question/458266368/answer/1974861629842805620,知乎用户87853,790,0
2026-05-18,zhihu,X5,answer,27岁男人开上宝马X5是什么水平?,https://www.zhihu.com/question/617683562/answer/3245111516,万答通,1932,0
2026-05-18,zhihu,X5,answer,你为什么买宝马X5？,https://www.zhihu.com/question/341625802/answer/3375994089,斯木兄,37,0
2026-05-18,zhihu,X5,article,底盘工程师走心评测——宝马X5 3.0t,https://zhuanlan.zhihu.com/p/2001281806046107331,冷静的饺子,57,0
2026-05-18,xiaohongshu,X5,post,RDK X5 离线跑通 Google Gemma 4，真香！,https://www.xiaohongshu.com/search_result/69df925b000000002301da1e?xsec_token=ABzHkPeVa5UP5YQA9eLjSMGPCzPtVcXL-ijTdFIx0YzZw=&xsec_source=,Shockley,0,0
2026-05-18,xiaohongshu,X5,post,不出意外的话，全新宝马X5应该就长这样了！,https://www.xiaohongshu.com/search_result/6940e5fe000000001b033319?xsec_token=ABU2d7hP6XzStslZ7qrDSFJXjUuL5yKR_m0W1XosNX-Tw=&xsec_source=,一号车库,0,0
2026-05-18,xiaohongshu,X5,post,旅游视频无聊❓小白的7个全景相机玩法教程,https://www.xiaohongshu.com/search_result/688b09560000000003032797?xsec_token=ABm7Gu4nFIklfWXu9u12fupoq5tDSrM90poz9Ar9CdG-k=&xsec_source=,竖竖超爱玩,0,0
2026-05-18,xiaohongshu,X5,post,不出意外，全新宝马 X5 的真面目来了！,https://www.xiaohongshu.com/search_result/69cbf860000000002202ae8c?xsec_token=ABs8HaCp0FRXAvH8Fu3A2CiecuG929fEi0DbcbfMBwuY0=&xsec_source=,新时代车讯,0,0
2026-05-18,xiaohongshu,X5,post,网上有些人说宝马X5不算豪车，这些人都飘了,https://www.xiaohongshu.com/search_result/69d1040f000000001e00e676?xsec_token=ABTGUWZFdOu9M0U-73lNfdnoJdngzC_WyPTXm7dOJAFA0=&xsec_source=,三百梯车神,0,0
2026-05-18,xiaohongshu,X5,post,终于开上了X5,https://www.xiaohongshu.com/search_result/69e1afa80000000022002c68?xsec_token=ABnBtB9rWkaiCaBzG-NQE3qlvsMoOEVRM2eBfG0J1xRgQ=&xsec_source=,Blue🔵,0,0
2026-05-18,xiaohongshu,X5,post,华为折叠手机的内屏真的是一张纸,https://www.xiaohongshu.com/search_result/69da1c11000000002302664a?xsec_token=ABBhGx4l2qm45BUygSEbVREaBD_q0iVOOQ8sUW81MSRyI=&xsec_source=,屋安弯玩晚万,0,0
2026-05-18,xiaohongshu,X5,post,X5环游，10年过去了，依然是suv里的王中王,https://www.xiaohongshu.com/search_result/69e6ced20000000021012f66?xsec_token=AB8nhlJs6EKMBhS6hyk2PMh6Car-tJn-lxrr6f5RRUjug=&xsec_source=,短腿小胖飞,0,0
2026-05-18,xiaohongshu,X5,post,深圳高三,https://www.xiaohongshu.com/search_result/69da7323000000001a0367df?xsec_token=ABBhGx4l2qm45BUygSEbVREeN7Sa6w9HPst0GjdtutQ5E=&xsec_source=,恶作剧,0,0
2026-05-18,xiaohongshu,X5,post,costco上insta360 x5套装了,https://www.xiaohongshu.com/search_result/6948c032000000001f00587e?xsec_token=AB1I3kgPhaA5jPqRpxFc_AIEUsficDRQ-ZJfXLNOpVSpg=&xsec_source=,饼师傅,0,0
2026-05-18,google,X5,result,"BMW X5 모델(G05): 개요, 내 차량 만들기, 가격",https://www.bmw.co.kr/ko/all-models/x-series/x5/bmw-x5.html,,0,0
2026-05-18,google,X5,result,BMW X5 - 신차 견적내기 - 다나와 자동차,https://auto.danawa.com/newcar/?Work=estimate&Model=4475,,0,0
2026-05-18,google,X5,result,BMW X5,https://namu.wiki/w/BMW%20X5,,0,0
2026-05-18,google,X5,result,"2026 BMW X5 Review, Pricing, and Specs",https://www.caranddriver.com/bmw/x5,,0,0
2026-05-18,google,X5,result,엔카믿고 BMW X5 (G05) 중고차 : 내차팔기,"https://car.encar.com/list/car?page=1&search=%7B%22type%22:%22car%22,%22action%22:%22(And.Hidden.N._.(C.CarType.N._.(C.Manufacturer.BMW._.(C.ModelGroup.X5._.Model.X5+%28G05%29.))))%22,%22toggle%22:%7B%7D,%22layer%22:%22%22,%22sort%22:%22MobileModifiedDate%22%7D",,0,0
2026-05-18,google,X5,result,X5(G05) 가격·제원·사양 - 다나와 자동차,https://auto.danawa.com/auto/?Work=model&Model=3577&Lineup=48070&Tab=item,,0,0
2026-05-18,google,X5,result,"BMW X5 M 모델(G05, F95): 개요, 내 차량 만들기, 가격",https://www.bmw.co.kr/ko/all-models/m-series/bmw-x5-m/bmw-x5-m-models.html,,0,0
2026-05-18,google,X5,result,"BMW New X5 신차정보 | 가격, 가격표, 제원, 색상, 할인조건",http://www.cardong.co.kr/newcar/vehicle/11564,,0,0
2026-05-18,google,X5,result,"2025 BMW X5 리뷰, 어떤 차에서도 격이 다른 스포츠성을 느낄 ...",https://m.blog.naver.com/kksr4040/223683920886,,0,0
2026-05-18,reddit,X5,post,BMW X5 - Is it a money pit?,https://www.reddit.com/r/whatcarshouldIbuy/comments/1j2vjos/bmw_x5_is_it_a_money_pit/,BFX195,0,0
2026-05-18,reddit,X5,post,X5 Loaner was a huge mistake,https://www.reddit.com/r/BMW/comments/1s8ugc6/x5_loaner_was_a_huge_mistake/,ypradeel12,0,0
2026-05-18,reddit,X5,post,What do you guys do for a living to afford an X5?,https://www.reddit.com/r/BMWX5/comments/1sq3yop/what_do_you_guys_do_for_a_living_to_afford_an_x5/,Skrrrttt246,0,0
2026-05-18,reddit,X5,post,Talk me out of an X5?,https://www.reddit.com/r/BMW/comments/1ij5gn4/talk_me_out_of_an_x5/,txpotterygirl,0,0
2026-05-18,reddit,X5,post,The final shot has me in tears 😭 the X5 is amazing,https://www.reddit.com/r/Insta360/comments/1ks130j/the_final_shot_has_me_in_tears_the_x5_is_amazing/,FrostyZitty,0,0
2026-05-18,reddit,X5,post,My only complaint about the x5,https://www.reddit.com/r/BMW/comments/1d0g3hf/my_only_complaint_about_the_x5/,Professional-Bar4097,0,0
2026-05-18,reddit,X5,post,What compares to the bmw x5?,https://www.reddit.com/r/whatcarshouldIbuy/comments/1gjk2jh/what_compares_to_the_bmw_x5/,ProgrammerQuiet4920,0,0
2026-05-18,reddit,X5,post,New BMW X5 M60e front view has been leaked.,https://www.reddit.com/r/BMW/comments/1rw84jz/new_bmw_x5_m60e_front_view_has_been_leaked/,tangocharliejuliett,0,0
2026-05-18,reddit,X5,post,"After finishing the quest, you'll need x5 voidshards for your 298. Drops from bosses/m+ randomly",https://www.reddit.com/r/wow/comments/1tbcev5/after_finishing_the_quest_youll_need_x5/,thepixelists,0,0
2026-05-18,reddit,X5,post,"A powerful X5.16 solar flare just occurred , and it’s facing Earth!",https://www.reddit.com/r/spaceporn/comments/1ou79im/a_powerful_x516_solar_flare_just_occurred_and_its/,BrokenAceOfHearts,0,0
2026-05-18,hackernews,X5,post,"X5.1 solar flare, G4 geomagnetic storm watch",https://www.spaceweatherlive.com/en/news/view/593/20251111-x5-1-solar-flare-g4-geomagnetic-storm-watch.html,sva_,0,0
2026-05-18,hackernews,X5,post,The A-EON Amiga X5000: An alternate universe where the Amiga platform never died,https://arstechnica.com/gadgets/2017/05/the-a-eon-amiga-x5000-reviewed-the-beloved-amiga-meets-2017/,satai,0,0
2026-05-18,hackernews,X5,post,AmigaOS 4.1 Final Edition Update 1 – Pre-Release for the AmigaOne X5000,http://www.hyperion-entertainment.com/index.php/news/36-amigaos-4x/176-amigaos-41-final-edition-update-1-pre-release-for-the-amigaone-x5000,doener,0,0
2026-05-18,hackernews,X5,post,Thinkpad 701 overclocking and AMD-X5 133 MHz mod (2014),https://blog.noq2.net/butterfly-on-speed-thinkpad-701-overclocking-and-amd-x5-133-mhz-mod.html,PascLeRasc,0,0
2026-05-18,hackernews,X5,post,AmigaOne X5000 – first impression,http://www.amigapodcast.com/2017/04/amigaone-x5000-first-impression.html,bane,0,0
2026-05-18,hackernews,X5,post,Alienware X51 Gaming PC with Ubuntu OS available,http://www.ign.com/articles/2013/04/05/alienware-x51-gaming-pc-with-ubuntu-os-available-for-600,microwise,0,0
2026-05-18,hackernews,X5,post,The X500 Plus computer case (2013),https://blog.linitx.com/x500-computer-case/,indigodaddy,0,0
2026-05-18,hackernews,X5,post,Generate self-signed x509 certificates valid for multiple URLs/IPs,https://github.com/frntn/x509-san,tiyema,0,0
2026-05-18,hackernews,X5,post,Realme 6 Pro and X50 Pro ‘Flagship Killer’ Launch in Europe,https://techstomper.com/realme-6-pro-and-x50-pro-flagship-killer-launch-in-europe/,dadbodgamer,0,0
2026-05-18,hackernews,X5,post,The X500 Pro computer case,https://www.kickstarter.com/projects/505470364/the-x500-pro-computer-case,doener,0,0
2026-05-18,csdn,X5,article,腾讯X5内核WebView封装实战指南 - MCP技术社区,https://mcp.csdn.net/6915466e5511483559e9cf6a.html,,0,0
2026-05-18,csdn,X5,article,进化不止，安全进阶：科大讯飞智能办公本X5迎来重磅软件升级,https://www.csdn.net/article/2026-03-04/158651083,,0,0
2026-05-18,csdn,X5,article,拒绝“人工智障”！VLM让RDK X5机器狗真正听懂“遛弯”和“避障”,https://adg.csdn.net/69707039437a6b40336a3f5f.html,,0,0
2026-05-18,csdn,X5,article,openharmony使用低版本内核4.9时，如何解决397 ... - Laval社区,https://laval.csdn.net/68db4b72a6dc56200e8b44fe.html,,0,0
2026-05-18,csdn,X5,article,数智红林：基于RDK X5与LingBot‑Map 的单目视频三维重建 ...,https://blog.csdn.net/m0_75040840/article/details/160963287,,0,0
2026-05-18,zhihu,S100,answer,怎么看待紫光存储推出的s100固态硬盘？,https://www.zhihu.com/question/317956858/answer/675037819,无端切切,137,0
2026-05-18,zhihu,S100,article,小更新还是大升级，Aqara 妙控场景屏 S100 与 妙控开关S1E 对比,https://zhuanlan.zhihu.com/p/1917179939431617783,DMONK,3,0
2026-05-18,zhihu,S100,answer,如何评价松下最新发布的lumix s100-500f5-7.1?,https://www.zhihu.com/question/1954309888990753088/answer/1954322106465624785,捷里米,28,0
2026-05-18,zhihu,S100,answer,请问有没有懂手表的朋友，求推荐？,https://www.zhihu.com/question/303956308/answer/542012898,Percy Song,208,0
2026-05-18,zhihu,S100,article,米家电动剃须刀选购指南：小米电动剃须刀不同型号的差异,https://zhuanlan.zhihu.com/p/684585031,养鱼日记,35,0
2026-05-18,zhihu,S100,article,HiFi新闻谈：大厂山灵发布新款CD机CD-S100 23版焕新上市,https://zhuanlan.zhihu.com/p/613356286,熊喵漫游记,3,0
2026-05-18,zhihu,S100,answer,如何评价松下最新发布的lumix s100-500f5-7.1?,https://www.zhihu.com/question/1954309888990753088/answer/1954952200443888512,衍x,2,0
2026-05-18,zhihu,S100,article,万益蓝小绿瓶s100测评,https://zhuanlan.zhihu.com/p/710150523,透过现象看本质,4,0
2026-05-18,zhihu,S100,article,家电捡漏：入门级首选 米家S100电动剃须刀79元包邮,https://zhuanlan.zhihu.com/p/382591029,ZOL中关村在线,2,0
2026-05-18,zhihu,S100,article,小米剃须刀s100刀头拆解详细教程,https://zhuanlan.zhihu.com/p/192391409,dlbdlb,43,0
2026-05-18,xiaohongshu,S100,post,128TOPS 更强算力，为智能场景注入新能量,https://www.xiaohongshu.com/search_result/690b6ccf000000000301d0f5?xsec_token=ABBJNoiRzFFbdxuqIYux4jbltr48pCG5KvFDR-tkYOzNg=&xsec_source=,地瓜机器人,0,0
2026-05-18,xiaohongshu,S100,post,🤖 机器人开发新玩家来了,https://www.xiaohongshu.com/search_result/68592a53000000002201c03d?xsec_token=ABL-y0XgU-OOHO9zoLNnivoOo_EKPv2GDWjOkhWvOfPwE=&xsec_source=,芝能智芯,0,0
2026-05-18,xiaohongshu,S100,post,在台北街拍，追光,https://www.xiaohongshu.com/search_result/69abc50e000000001503a93e?xsec_token=ABut_Bt5EBdBTlcq88vH9Dd42OhuaaYjdY09bbI_V4vkA=&xsec_source=,oysays,0,0
2026-05-18,xiaohongshu,S100,post,工业机器人S100,https://www.xiaohongshu.com/search_result/6a0a70510000000008002609?xsec_token=ABRZqlL-wmBGzap34P1kdSxN6A_PtT8TV1dsw9eywj1nk=&xsec_source=,KEENON,0,0
2026-05-18,xiaohongshu,S100,post,挑战测评500台华强北手表，第一台S100阔屏,https://www.xiaohongshu.com/search_result/6996fd78000000001a028383?xsec_token=ABOIcnnyvUClTwN4UJnMr6FtcSzOrFAryVJhWbZe1xMQ8=&xsec_source=,丹哥数码,0,0
2026-05-18,xiaohongshu,S100,post,鑫泰奇S100深度测评，首款w527芯片阔屏手表,https://www.xiaohongshu.com/search_result/6986e7200000000015021cd3?xsec_token=ABggytI2ihPc2qOBk8wGoTJ4tKVGsrg_FSWLG7mB16wzM=&xsec_source=,米加数码,0,0
2026-05-18,xiaohongshu,S100,post,S100系列工厂参观学习,https://www.xiaohongshu.com/search_result/69c25874000000002301fd99?xsec_token=AB3aPWEA671dAIknt8PP2ZG8plJOrTTe1piEGooeEycgo=&xsec_source=,德国奥托otto美容胶总仓,0,0
2026-05-18,xiaohongshu,S100,post,RDK S100现已全网开售！等你来抢！,https://www.xiaohongshu.com/search_result/68523a2d000000000303a0bb?xsec_token=ABNxugqrRN2HTNUTeXdWT6d14jWZ-YEusgS6kDHjEfsQU=&xsec_source=,地瓜机器人,0,0
2026-05-18,google,S100,result,Solution Square : S100 간편본/완전본 사용설명서,https://sol.ls-electric.com/product/document/1860,,0,0
2026-05-18,google,S100,result,[예약판매] Vertex Intro S100,https://www.swagkey.kr/shop_view/?idx=1079,,0,0
2026-05-18,google,S100,result,S100 project,https://iho.int/en/s100-project,,0,0
2026-05-18,google,S100,result,HOLOWITS S100 - Integrated Security Management Platform,https://holowits.com/product-center/detail/Management%20System/03355WAM,,0,0
2026-05-18,google,S100,result,Pathology Outlines - S100,https://www.pathologyoutlines.com/topic/stainss100.html,,0,0
2026-05-18,google,S100,result,Yeastar S100 - S-Series VoIP PBX,https://www.yeastar.com/s100-voip-pbx/,,0,0
2026-05-18,google,S100,result,Functions of S100 Proteins - PMC,https://pmc.ncbi.nlm.nih.gov/articles/PMC3707951/,,0,0
2026-05-18,google,S100,result,S100 표준형 드라이브,https://www.ls-electric.com/ko/product/view/P01184,,0,0
2026-05-18,google,S100,result,S100 protein,https://en.wikipedia.org/wiki/S100_protein,,0,0
2026-05-18,google,S100,result,S100물체 감지를 위한 간단한 2D-LiDAR 센서,https://www.sick.com/kr/ko/catalog/products/lidar-and-radar-sensors/lidar-sensors/s100/s100/c/g173851?tab=overview,,0,0
2026-05-18,reddit,S100,post,Touchscreen Switch S100 US… My Thoughts,https://www.reddit.com/r/Aqara/comments/1sfq3e7/touchscreen_switch_s100_us_my_thoughts/,ItinJ24,0,0
2026-05-18,reddit,S100,post,S100,https://www.reddit.com/r/Casio_Oceanus/comments/1s8mi46/s100/,Digital_Quest_88,0,0
2026-05-18,reddit,S100,post,Sihoo s100 or Ikea styrspel?,https://www.reddit.com/r/OfficeChairs/comments/1ndqxos/sihoo_s100_or_ikea_styrspel/,DX_Madara_ps4,0,0
2026-05-18,reddit,S100,post,Why does the S100 panel only have 6 themes while the S1E has 49?,https://www.reddit.com/r/Aqara/comments/1ofr5l3/why_does_the_s100_panel_only_have_6_themes_while/,alexpoon2626,0,0
2026-05-18,reddit,S100,post,S100 US Setup - Issues Galore,https://www.reddit.com/r/Aqara/comments/1s7u1ur/s100_us_setup_issues_galore/,Correct-Mail-1942,0,0
2026-05-18,reddit,S100,post,Sihoo Doro S100 back pain issue,https://www.reddit.com/r/OfficeChairs/comments/1h2qz08/sihoo_doro_s100_back_pain_issue/,onestrikelol,0,0
2026-05-18,reddit,S100,post,Finally got an Oceanus S100 to upgrade my Lineage LCW M100TS,https://www.reddit.com/r/casio/comments/1now02d/finally_got_an_oceanus_s100_to_upgrade_my_lineage/,mehdotdotdotdot,0,0
2026-05-18,reddit,S100,post,[Oceanus ocw-s100] Curious if you could name better price/quality bang for buck watch?,https://www.reddit.com/r/Watches/comments/1m4uxbe/oceanus_ocws100_curious_if_you_could_name_better/,Asil420,0,0
2026-05-18,reddit,S100,post,America educational financing right,https://www.reddit.com/r/SipsTea/comments/1qt9gph/america_educational_financing_right/,Decent-Choice7878,0,0
2026-05-18,reddit,S100,post,"Math says red, Brain says green",https://www.reddit.com/r/meme/comments/1qsvdav/math_says_red_brain_says_green/,voidarix,0,0
2026-05-18,hackernews,S100,post,Casio S100X Japanese Lacquer Edition (JP Page Only),https://www.casio.com/jp/basic-calculators/premium/en-s100x-jc1-u/,dr_kiszonka,0,0
2026-05-18,hackernews,S100,post,"Bill Godbout, a legend in the S-100 community, died in the Camp wildfire",http://vcfed.org/wp/2018/11/13/r-i-p-bill-godbout-79/,ohjeez,0,0
2026-05-18,hackernews,S100,post,S100 Computers,http://s100computers.com/,bilegeek,0,0
2026-05-18,hackernews,S100,post,S-100 Virtual Workbench,https://grantmestrength.github.io/S100/,rbanffy,0,0
2026-05-18,hackernews,S100,post,An S-100 80486 CPU Board,http://www.s100computers.com/My%20System%20Pages/80486%20Board/80486%20CPU%20Board.htm,userbinator,0,0
2026-05-18,hackernews,S100,post,Hacking the S-100 Bus,https://www.glitchwrks.com/s100.html,grunthos,0,0
2026-05-18,hackernews,S100,post,Old day of s100 based word pressing (Jerry pournelle chaos manor),https://www.jerrypournelle.com/chaosmanor/early-days-of-word-processing/,ngcc_hk,0,0
2026-05-18,hackernews,S100,post,Nominet Trust announces 2016's 100 most inspiring examples of tech for good,http://www.socialtech.org.uk/nominet-trust-100/2016/,500and4,0,0
2026-05-18,hackernews,S100,post,It is done The 486 DX4-S/100 finally did it,http://wp.xin.at/archives/574,accrual,0,0
2026-05-18,csdn,S100,article,IC测试机-S100简介,https://blog.csdn.net/weixin_47847473/article/details/123741904,,0,0
2026-05-18,csdn,S100,article,S100环境编译_s100镜像,https://blog.csdn.net/mantouyouyou/article/details/158612712,,0,0
2026-05-18,csdn,S100,article,大模型在S100系统中的高效转换与量化部署：从GGUF,https://tencentcloud.csdn.net/69eabe5a54b52172bc6f1a8e.html,,0,0
2026-05-18,csdn,S100,article,百TOPS级算力！地瓜机器人发布RDK S100机器人开发套件,https://blog.csdn.net/csdnnews/article/details/148608652,,0,0
2026-05-18,csdn,S100,article,S100源表在LDO芯片关键参数自动化测试中的高效应用,https://blog.csdn.net/bush/article/details/151612650,,0,0
2026-05-18,csdn,S100,article,探索三菱FX1N/FX3U底层源码及PLC生产方案,https://openharmonycrossplatform.csdn.net/69d88cd70a2f6a37c59e46ba.html,,0,0
2026-05-18,csdn,S100,article,联合发布Aelos Embodied具身智能_机器人 - DAMO开发者矩阵,https://damodev.csdn.net/69251f283fd22d0453440cd7.html,,0,0
2026-05-18,csdn,S100,article,BPU加速大模型：双核引爆80TOPS算力 - DAMO开发者矩阵,https://damodev.csdn.net/697908dc7c1d88441d9007e5.html,,0,0
2026-05-18,zhihu,TROS,article,基于TROS.A的智能驾驶软件开发范式 | 地平线「你好，开发者」技术公开课实录,https://zhuanlan.zhihu.com/p/638528069,车东西,8,0
2026-05-18,zhihu,TROS,article,希腊神话中的同性故事：伽倪墨得斯与宙斯,https://zhuanlan.zhihu.com/p/528756523,青同树下一盏灯,15,0
2026-05-18,zhihu,TROS,article,变压器与登月导航计算机ROM：看似无关，实则藏着人类航天的技术密码,https://zhuanlan.zhihu.com/p/1934741898129544133,李潇,3,0
2026-05-18,zhihu,TROS,question,如何评价电影《Tros》？,https://www.zhihu.com/question/518606946,,0,0
2026-05-18,zhihu,TROS,answer,如何评价希腊神话？,https://www.zhihu.com/question/46996093/answer/2528648731,青同树下一盏灯,118,0
2026-05-18,zhihu,TROS,answer,有什么与重塑雕像的权利(Re-TROS)风格极度类似的乐队？,https://www.zhihu.com/question/50365098/answer/2015551374,Lmnorz,21,0
2026-05-18,zhihu,TROS,article,机器人领域顶刊TRO，TASE及RAL的区别与关系,https://zhuanlan.zhihu.com/p/1911121539874685031,科技Vibe女孩,17,0
2026-05-18,zhihu,TROS,answer,伽倪墨得斯是谁?,https://www.zhihu.com/question/358514082/answer/1451452141,月亮偷喝朗姆酒,6,0
2026-05-18,xiaohongshu,TROS,post,强烈安利这款泰国止汗露，便宜好用,https://www.xiaohongshu.com/search_result/69f81e3e000000002301e797?xsec_token=AB-ElH7qY3jI7NlLmMboqVDTgsyg8Yy_d7FuzJSBZh8as=&xsec_source=,Sean🐮,0,0
2026-05-18,xiaohongshu,TROS,post,泰国🇹🇭香水喷雾711,https://www.xiaohongshu.com/search_result/66fbfc2a000000001b023521?xsec_token=ABMuU9xcnBSOjyqE_AbU2n0ZidLS5S8OWSuv_keIUL-IU=&xsec_source=,霸气的小河马,0,0
2026-05-18,xiaohongshu,TROS,post,从零开始做毕设Plog005,https://www.xiaohongshu.com/search_result/6991befb000000001a02b208?xsec_token=ABh5CLZ2vMk3UFleUbrRM3EzC5iaKXGgjAYiKCTf05n0U=&xsec_source=,迷路日々,0,0
2026-05-18,xiaohongshu,TROS,post,SOLO Windows 桌面端已上线！三端全量开放,https://www.xiaohongshu.com/search_result/69fa0576000000003501ff4a?xsec_token=ABrrk9p9TqgcsjnnyCyRTD6-KA8RCjrvUq1oIKunSTtP8=&xsec_source=,TRAE,0,0
2026-05-18,xiaohongshu,TROS,post,Trosten 桑拿浮台 / Estudio HerrerosTros,https://www.xiaohongshu.com/search_result/66f0132b00000000270032db?xsec_token=AB-cDaNHX21o3eTd08Lfqlqf83xIdfE4ztIWUth_eH00c=&xsec_source=,设计师jeremy,0,0
2026-05-18,xiaohongshu,TROS,post,重塑Re-Tros波士顿现场,https://www.xiaohongshu.com/search_result/66181cc3000000001b00e0a7?xsec_token=ABq6MLvyoWC2e9j8wXS5p2Oav3r-9JZHDVekUGfIADf4E=&xsec_source=,NiN,0,0
2026-05-18,xiaohongshu,TROS,post,这家店真的超级无敌人性化！！！,https://www.xiaohongshu.com/search_result/69d68d7e0000000021013fa4?xsec_token=ABc2oH3KdxDH_v3yi748l_-SNduWu0UF8VJIusttzLpp8=&xsec_source=,JJJoy0410,0,0
2026-05-18,xiaohongshu,TROS,post,巴塞罗那 - El Tros de la Rambla,https://www.xiaohongshu.com/search_result/69de51b3000000002003ac0c?xsec_token=ABdb1G4TeiGzexIII3P2NyMsPK3Qcrvm467uxWbZRzWpE=&xsec_source=,嘀哩哩,0,0
2026-05-18,xiaohongshu,TROS,post,Kylo Ren TROS头盔 🥢 （1）,https://www.xiaohongshu.com/search_result/69569ccc0000000022038e80?xsec_token=ABSaDRbtQocNfO2YyWA7yyH9X8aMgE5mCOrks0TpyNGYo=&xsec_source=,Aaron.C,0,0
2026-05-18,xiaohongshu,TROS,post,🇪🇸｜巴塞罗那市中心和植物园的两个好吃店,https://www.xiaohongshu.com/search_result/6862d14c0000000022030503?xsec_token=ABukGS3wAP8WEv2cQthgQ1BTL-kTfGP5PlB43fQuHnj4c=&xsec_source=,奥奥没有利,0,0
2026-05-18,google,TROS,result,트로스,http://www.tros.co.kr/,,0,0
2026-05-18,google,TROS,result,tros.ai (BETA) - Google Play 앱,https://play.google.com/store/apps/details?id=com.strom.ellustros&hl=ko,,0,0
2026-05-18,google,TROS,result,Tros (mythology),https://en.wikipedia.org/wiki/Tros_(mythology),,0,0
2026-05-18,google,TROS,result,Trosar 플랫폼,https://trosar.com/,,0,0
2026-05-18,google,TROS,result,Tros (2021),https://www.imdb.com/title/tt13625932/,,0,0
2026-05-18,google,TROS,result,트로스홈ㅣGood furniture makes Better Life,https://tros-home.co.kr/,,0,0
2026-05-18,google,TROS,result,Tros,http://www.tros.is/,,0,0
2026-05-18,google,TROS,result,"Why do many people think TROS is the worst movie, even ...",https://www.reddit.com/r/StarWars/comments/1hqn2fr/why_do_many_people_think_tros_is_the_worst_movie/,,0,0
2026-05-18,google,TROS,result,What is a Traffic Regulation Order (TRO)? | Highways,"https://www.gloucestershire.gov.uk/tros/what-is-a-traffic-regulation-order-tro/#:~:text=TROs%20are%20legal%20documents%20that,Road%20Traffic%20Regulation%20Act%201984.",,0,0
2026-05-18,google,TROS,result,temporary restraining order (TRO) | Wex - Cornell Law School,"https://www.law.cornell.edu/wex/temporary_restraining_order_(tro)#:~:text=Temporary%20restraining%20orders%20(TROs)%20are,a%20type%20of%20equitable%20remedy.",,0,0
2026-05-18,google,TROS,result,trozos (Spanish → English) – DeepL Translate,"https://www.deepl.com/en/translator/q/es/trozos/en/chunks/ca0df7ec#:~:text=Dictionary,pieces%20pl",,0,0
2026-05-18,google,TROS,result,Tros (mythology) - Wikipedia,"https://en.wikipedia.org/wiki/Tros_(mythology)#:~:text=In%20Greek%20mythology%2C%20Tros%20(%2F,whom%20he%20inherited%20the%20throne.",,0,0
2026-05-18,google,TROS,result,Traffic Regulation Orders (TROs) - House of Commons Library,https://commonslibrary.parliament.uk/research-briefings/sn06013/,,0,0
2026-05-18,google,TROS,result,Ruben Tros,https://stek.com/en/people/ruben-tros/,,0,0
2026-05-18,reddit,TROS,post,"If TROS happened in 2025, then Phantom Menace would be in 1958.",https://www.reddit.com/r/StarWars/comments/1po68p0/if_tros_happened_in_2025_then_phantom_menace/,Front-Insurance9577,0,0
2026-05-18,reddit,TROS,post,Discussion/Thoughts on TROS,https://www.reddit.com/r/koreanvariety/comments/1p7p584/discussionthoughts_on_tros/,mmauve2,0,0
2026-05-18,reddit,TROS,post,"Jokes aside, who did you think Snoke was before his identity was revealed in TROS?",https://www.reddit.com/r/StarWars/comments/1pzmsun/jokes_aside_who_did_you_think_snoke_was_before/,ChickenWingExtreme,0,0
2026-05-18,reddit,TROS,post,It's a shame about Palpatine in TROS because his design is BRILLIANT,https://www.reddit.com/r/StarWars/comments/1qx0139/its_a_shame_about_palpatine_in_tros_because_his/,CobraDai,0,0
2026-05-18,reddit,TROS,post,"not necessarily defending TROS, but just saying...",https://www.reddit.com/r/PrequelMemes/comments/zoieou/not_necessarily_defending_tros_but_just_saying/,redgreenorangeyellow,0,0
2026-05-18,reddit,TROS,post,HOT TAKE: They shouldn't try to rebuild the New Republic again in the post-TROS Era,https://www.reddit.com/r/StarWars/comments/1kw8lgo/hot_take_they_shouldnt_try_to_rebuild_the_new/,Infinite-Detective-8,0,0
2026-05-18,reddit,TROS,post,"A question for everyone who watched TROS in 2019, what was your reaction to hearing Palpatine’s laugh in the trailer for the first time?",https://www.reddit.com/r/StarWars/comments/vs9ow6/a_question_for_everyone_who_watched_tros_in_2019/,baxterrocky,0,0
2026-05-18,reddit,TROS,post,Would it not make more sense for Rey to have a double bladed saver at the end of tRoS based on her use of the staff before training with a lightsaber? (Not my image),https://www.reddit.com/r/StarWars/comments/k5x88j/would_it_not_make_more_sense_for_rey_to_have_a/,SkywalkersLoveChild,0,0
2026-05-18,reddit,TROS,post,"I Didnt know how bad the ""Somehow Palpatine returned"" line was until seeing TRoS for the first time today 😂😂",https://www.reddit.com/r/StarWars/comments/1mrk9jf/i_didnt_know_how_bad_the_somehow_palpatine/,GoldSteak7421,0,0
2026-05-18,reddit,TROS,post,"I have my own issues with TROS but this parallel is so on point,it hits hard every times",https://www.reddit.com/r/StarWars/comments/ppxpjz/i_have_my_own_issues_with_tros_but_this_parallel/,marcodag24,0,0
2026-05-18,hackernews,TROS,post,TROS: IBM mainframes stored microcode in transformers,http://www.righto.com/2019/11/tros-how-ibm-mainframes-stored.html,magnat,0,0
2026-05-18,hackernews,TROS,post,Man claims to own 84% stake in Facebook - judge grants TRO in his favor,http://online.wsj.com/article/SB10001424052748703283004575363330101240888.html?mod=WSJ_hps_MIDDLETopStories,grellas,0,0
2026-05-18,hackernews,TROS,post,Epic vs. Apple: Order Granting in Part and Denying in Part Motion for TRO [pdf],https://www.courtlistener.com/recap/gov.uscourts.cand.364265/gov.uscourts.cand.364265.48.0.pdf,devemanc,0,0
2026-05-18,hackernews,TROS,post,"Weev Talks About Life In Prison And His Plans To Open A Hedge Fund, TRO LLC",http://techcrunch.com/2014/04/15/weev-talks-about-life-in-prison-and-his-plans-to-open-a-hedge-fund-tro-llc/,applecore,0,0
2026-05-18,hackernews,TROS,post,TRO LLC (weevs hedge fund),https://www.startjoin.com/trollc,turbojerry,0,0
2026-05-18,hackernews,TROS,post,The mak­ing of the first 'elec­tro­state',https://ft.pressreader.com/v99e/20250512/281754160214210,xnhbx,0,0
2026-05-18,hackernews,TROS,post,Weev starts TRO LLC to short companies based on security vulnerabilities,https://www.youtube.com/watch?v=jxUWRRDdhVI,VonGuard,0,0
2026-05-18,hackernews,TROS,post,Tross(Beta Access):Multitask Like a Pro: Tross Codes While You Create,https://tross.bytquest.com/,bytquest,0,0
2026-05-18,hackernews,TROS,post,Re-examining Leon Trostsky's assassination,https://www.economist.com/culture/2026/03/19/re-examining-one-of-the-worlds-most-notorious-assassinations,petethomas,0,0
2026-05-18,csdn,TROS,article,TROS.A环境下导远INS570D的CAN通信调试实战,https://blog.csdn.net/weixin_42570484/article/details/160074746,,0,0
2026-05-18,csdn,TROS,article,TogetheROS.Bot与ROS2 Foxy兼容性全解析：从安装到软 ...,https://blog.csdn.net/q9w8e7r6t5/article/details/154338735,,0,0
2026-05-18,csdn,TROS,article,看歌词猜歌线段树_链表 - DeepSeek技术社区- CSDN,https://deepseek.csdn.net/68244cebda5d787fd5dfbcbe.html,,0,0
2026-05-18,csdn,TROS,article,STM32下完成基于FreeTROS的多程序任务_tros开发,https://blog.csdn.net/Milk_way/article/details/110458203,,0,0
2026-05-18,csdn,TROS,article,在TROS.A中跑导远ins570d-CSDN博客,https://blog.csdn.net/m0_48366629/article/details/140326138,,0,0
2026-05-18,csdn,TROS,article,TROS.A环境下的INS570D数据解析全流程：从CAN原始帧到 ...,https://blog.csdn.net/weixin_28721917/article/details/159951670,,0,0
2026-05-18,csdn,TROS,article,TROS.A开发实录：用Protobuf实现INS570D惯导数据的发布 ...,https://blog.csdn.net/weixin_29158047/article/details/158670686,,0,0
2026-05-18,csdn,TROS,article,天准域控实战：TROS.A环境下导远INS570D惯导数据采集全 ...,https://blog.csdn.net/weixin_29176179/article/details/158707059,,0,0
2026-05-18,csdn,TROS,article,地平线TROS.A开发_Dog_Hao的博客,https://blog.csdn.net/m0_48366629/category_12686876.html,,0,0
