date,keyword,suffix,title,url,author,excerpt
2026-05-18,RDK,报错,地瓜机器人RDK X5使用测试,https://zhuanlan.zhihu.com/p/2038620274833273760,Waves,
2026-05-18,RDK,报错,RTK网络模式不固定，出现单点解、差分或浮点的原因及解决办法,https://zhuanlan.zhihu.com/p/501045144,cors账号网,
2026-05-18,RDK,报错,犀牛打印出现RDK是什么原因?,https://www.zhihu.com/question/388447775/answer/1295750638,jk明日,
2026-05-18,RDK,报错,地瓜机器人RDK S100 系统烧录 初学者避坑指南,https://zhuanlan.zhihu.com/p/1943983530808940050,bsll,
2026-05-18,RDK,报错,2022年1月-Win10 Anaconda下载安装RDKit并在Jupyter内成功使用的一些小心得和弯路,https://zhuanlan.zhihu.com/p/455633270,西格玛西格玛,
2026-05-18,RDK,报错,一名大模型算法工程师的机器人开发之路（一）——地瓜机器人RDK X5 开发板测评,https://zhuanlan.zhihu.com/p/1902399027,方小达,
2026-05-18,RDK,报错,边缘计算最强OCR！RDK X5上量化部署PaddleocrV5，今天一篇文章教会你！,https://zhuanlan.zhihu.com/p/2000160483966203626,沐云,
2026-05-18,RDK,报错,怎么样学习ROS？,https://www.zhihu.com/question/345445412/answer/59959672862,Miss恩,
2026-05-18,RDK,安装失败,地瓜机器人RDK X5使用测试,https://zhuanlan.zhihu.com/p/2038620274833273760,Waves,
2026-05-18,RDK,安装失败,犀牛打印出现RDK是什么原因?,https://www.zhihu.com/question/388447775/answer/1295750638,jk明日,
2026-05-18,RDK,安装失败,遇到软件反复安装失败或报错，有哪些通用的排查思路和解决办法？,https://www.zhihu.com/question/2023000188835383260/answer/2023132059476980668,电脑医生,
2026-05-18,RDK,安装失败,百度人工智能平台AI Studio在化学中的应用——RDKit安装及使用,https://zhuanlan.zhihu.com/p/363227148,ABChemD,
2026-05-18,RDK,安装失败,你最高光的时刻是什么时候？,https://www.zhihu.com/question/639104851/answer/3446150974,猪头夹住尾,
2026-05-18,RDK,安装失败,2022年1月-Win10 Anaconda下载安装RDKit并在Jupyter内成功使用的一些小心得和弯路,https://zhuanlan.zhihu.com/p/455633270,西格玛西格玛,
2026-05-18,RDK,安装失败,为什么手机安装应用显示安装失败?,https://www.zhihu.com/question/376083931/answer/2035720419014095551,科技改变生活,
2026-05-18,RDK,安装失败,软件安装总是失败，常见错误代码该如何解决？,https://www.zhihu.com/question/1947059552613793864/answer/1948423705681200303,知乎用户67494,
2026-05-18,RDK,无法开机,Windows cmd chkdsk运行后电脑黑屏且无法开机？,https://www.zhihu.com/question/1984760826524107334/answer/1985272403123794715,知乎用户,
2026-05-18,RDK,无法开机,电脑开机是这种情况，一会能自动进入吗还?,https://www.zhihu.com/question/11986455542/answer/100925113067,邢甝臻,
2026-05-18,RDK,无法开机,服务器无法开机怎么办？是什么原因,https://zhuanlan.zhihu.com/p/704092269,主机小白话,
2026-05-18,RDK,无法开机,开发板-RDK X5使用,https://zhuanlan.zhihu.com/p/1967547369483662856,未来科技,
2026-05-18,RDK,无法开机,无法开机（无引导）,https://zhuanlan.zhihu.com/p/78573718,古振杰,
2026-05-18,RDK,无法开机,电脑启动不了如何破？,https://www.zhihu.com/question/283116872/answer/533671866,我的裤子容易破,
2026-05-18,RDK,无法开机,笔记本电脑无法开机，求解！？,https://www.zhihu.com/question/399767308/answer/1586198219,O翔,
2026-05-18,RDK,无法开机,台式机不能正常开机怎么办?,https://www.zhihu.com/question/651615251/answer/3473118574,CC电脑,
2026-05-18,RDK,教程,地瓜机器人RDK X5使用测试,https://zhuanlan.zhihu.com/p/2038620274833273760,Waves,
2026-05-18,RDK,教程,学习 RDKit 套件系列教程（一）：入门指南,https://zhuanlan.zhihu.com/p/7027997646,ZenCADD,
2026-05-18,RDK,教程,一名大模型算法工程师的机器人开发之路（一）——地瓜机器人RDK X5 开发板测评,https://zhuanlan.zhihu.com/p/1902399027,方小达,
2026-05-18,RDK,教程,RDKit|新手入门,https://zhuanlan.zhihu.com/p/1942638671456104968,AIDD Learning,
2026-05-18,RDK,教程,RDK X5测评报告—创新性与实用性的全新结合,https://zhuanlan.zhihu.com/p/1484121726,林俞,
2026-05-18,RDK,教程,百度人工智能平台AI Studio在化学中的应用——RDKit安装及使用,https://zhuanlan.zhihu.com/p/363227148,ABChemD,
2026-05-18,RDK,教程,新手必看：RTK入门到精通，只需一文,https://zhuanlan.zhihu.com/p/460237727,测绘玩家网,
2026-05-18,RDK,教程,地瓜机器人RDK S100 系统烧录 初学者避坑指南,https://zhuanlan.zhihu.com/p/1943983530808940050,bsll,
2026-05-18,RDK,坑,地瓜机器人RDK S100 系统烧录 初学者避坑指南,https://zhuanlan.zhihu.com/p/1943983530808940050,bsll,
2026-05-18,RDK,坑,舍友2万8的吉他我不小心砸了一个小坑，应该赔他多少钱？,https://www.zhihu.com/question/358497463/answer/936292669,猫耳朵,
2026-05-18,RDK,坑,张家界坑套路总结,https://zhuanlan.zhihu.com/p/79150611,噗嗤噗嗤,
2026-05-18,RDK,坑,报志愿应该避开哪些坑？,https://www.zhihu.com/question/406795577/answer/1348430969,高考那事儿,
2026-05-18,RDK,坑,妹妹都是怎么坑哥哥的？,https://www.zhihu.com/question/305097242/answer/3482976415,HANNAH,
2026-05-18,RDK,坑,打王者荣耀碰到比较坑的人怎么办？,https://www.zhihu.com/question/364206031/answer/959240812,原纯一,
2026-05-18,RDK,坑,机械键盘入坑指南,https://zhuanlan.zhihu.com/p/19982048,李路,
2026-05-18,RDK,坑,《开端》收官，剧里还有哪些坑没填上？,https://www.zhihu.com/question/513360376/answer/2324891549,乌麻布,
2026-05-18,RDK,怎么用,地瓜机器人RDK X5使用测试,https://zhuanlan.zhihu.com/p/2038620274833273760,Waves,
2026-05-18,RDK,怎么用,一名大模型算法工程师的机器人开发之路（一）——地瓜机器人RDK X5 开发板测评,https://zhuanlan.zhihu.com/p/1902399027,方小达,
2026-05-18,RDK,怎么用,RDKit|新手入门,https://zhuanlan.zhihu.com/p/1942638671456104968,AIDD Learning,
2026-05-18,RDK,怎么用,学习 RDKit 套件系列教程（一）：入门指南,https://zhuanlan.zhihu.com/p/7027997646,ZenCADD,
2026-05-18,RDK,怎么用,KDJ 真正有用的地方，可能和你想的不一样,https://zhuanlan.zhihu.com/p/2038657312131397445,阿杰的金融笔记,
2026-05-18,RDK,怎么用,新手必看：RTK入门到精通，只需一文,https://zhuanlan.zhihu.com/p/460237727,测绘玩家网,
2026-05-18,RDK,怎么用,测量人员必备，RTK仪器简单操作步骤，绝对实用,https://zhuanlan.zhihu.com/p/572175753,江苏赛维地质测绘,
2026-05-18,RDK,怎么用,RDKit介绍及使用,https://zhuanlan.zhihu.com/p/158481225,Elva0328,
2026-05-18,X3,报错,宝马X3显示传动系统有问题是怎么回事?,https://www.zhihu.com/question/615350268/answer/3147656928,gene,
2026-05-18,X3,报错,X错误请重试怎么解决？2026最新修复X登录时出错与Attestation Denied指南,https://zhuanlan.zhihu.com/p/2010752434948027143,IPdodo全球网络,
2026-05-18,X3,报错,国产宝马x3的小毛病多吗？,https://www.zhihu.com/question/411730087/answer/2919579885,养车用车,
2026-05-18,X3,报错,【硬核实战】飞腾 D2000 随机死机排查：从内核空指针报错到电源纹波整改全记录,https://zhuanlan.zhihu.com/p/2004624963987080813,光影徐徐,
2026-05-18,X3,报错,一年半iX3车主，谈一下这辆杂牌电动车,https://zhuanlan.zhihu.com/p/670468143,Bruce Wang,
2026-05-18,X3,报错,千万不要买华为ax3,https://zhuanlan.zhihu.com/p/351792440,没有下滑kael,
2026-05-18,X3,报错,25卒 日本算法就活 失败谈,https://zhuanlan.zhihu.com/p/690233284,水無月空,
2026-05-18,X3,报错,stm32 死机的原因有哪些？,https://www.zhihu.com/question/267564944/answer/3553424955,轩哥谈芯,
2026-05-18,X3,安装失败,为什么手机安装应用显示安装失败?,https://www.zhihu.com/question/376083931/answer/2035720419014095551,科技改变生活,
2026-05-18,X3,安装失败,有电脑高手可以看看这个安装失败怎么解决吗?,https://www.zhihu.com/question/13842836554/answer/117231323773,程坤,
2026-05-18,X3,安装失败,遇到软件反复安装失败或报错，有哪些通用的排查思路和解决办法？,https://www.zhihu.com/question/2023000188835383260/answer/2023132059476980668,电脑医生,
2026-05-18,X3,安装失败,电脑软件安装反复失败，常见的症结和有效的解决思路是什么？,https://www.zhihu.com/question/1958854569921586424/answer/1959692763563012927,天然Gentle,
2026-05-18,X3,安装失败,如何解决系统安装失败？,https://www.zhihu.com/question/605267972/answer/3253537660,start along,
2026-05-18,X3,安装失败,电脑一直这样是怎么回事啊？一直安装失败?,https://www.zhihu.com/question/630982628/answer/3296436382,花间一壶酒,
2026-05-18,X3,安装失败,电脑一直这样是怎么回事啊？一直安装失败?,https://www.zhihu.com/question/630982628/answer/3297752454,jkd5170,
2026-05-18,X3,安装失败,cdr安装那个版本比较稳定？,https://www.zhihu.com/question/333759372/answer/1317324874,flyerdesign,
2026-05-18,X3,无法开机,素士X3电动牙刷无法开机，拆机发现导致故障的原因，已无法修理伤心……,https://zhuanlan.zhihu.com/p/125747205,Vesan0914,
2026-05-18,X3,无法开机,宝马X3未满一年无法启动，4S店和消费者各执一词,https://zhuanlan.zhihu.com/p/535888503,消费保,
2026-05-18,X3,无法开机,"素士X3报废,V1的三个半月体验以及开箱",https://zhuanlan.zhihu.com/p/99803212,Awakening,
2026-05-18,X3,无法开机,苹果手机提示内存不足后不能开机?,https://www.zhihu.com/question/491080789/answer/2160854970,biubiubiu,
2026-05-18,X3,无法开机,poco x3 pro开不了机怎么办？,https://www.zhihu.com/question/618787803,,
2026-05-18,X3,无法开机,当贝x3翻车，开机3分钟提示温度异常,https://zhuanlan.zhihu.com/p/463823772,谢谢老板,
2026-05-18,X3,无法开机,电脑突然无法开机，如何判断是哪部分出现了问题呢？,https://www.zhihu.com/question/12905287915/answer/1898797939075286573,电子炼金术士,
2026-05-18,X3,无法开机,求助，电脑开不了机有没有大佬解答一下?,https://www.zhihu.com/question/1900529599122773513/answer/1900559066213880114,龙翔海渊,
2026-05-18,X3,教程,教你怎么用蒲公英X3把群辉NAS打造成私有云盘教程方法,https://zhuanlan.zhihu.com/p/64269475,4K世界,
2026-05-18,X3,教程,latex3教程推荐,https://zhuanlan.zhihu.com/p/689098640,higyg,
2026-05-18,X3,教程,改装宝马 X3 需要掌握哪些专业知识和技能？,https://www.zhihu.com/question/637646639/answer/3353859037,ZYsm,
2026-05-18,X3,教程,宝马X3车主必备：宝马X3使用说明书电子版｜全新宝马X3用户手册｜宝马X3保养手册,https://zhuanlan.zhihu.com/p/194140964,车主随身手册,
2026-05-18,X3,教程,华为Mate X3一键安装谷歌教程,https://zhuanlan.zhihu.com/p/621909942,分享出国实用知识,
2026-05-18,X3,教程,树莓派、RDK X3/X5新手如何选择？,https://www.zhihu.com/question/1449888407/answer/34983886990,mlbo,
2026-05-18,X3,教程,宝马X3 2024款说明书用户手册｜BMW X3 2024 Owner&#39;s Manual,https://zhuanlan.zhihu.com/p/711475905,车主随身手册,
2026-05-18,X3,教程,宝马 X3 该如何连接 Carplay？,https://www.zhihu.com/question/484600862/answer/41085052096,Liqianbmw,
2026-05-18,X3,坑,BBA中，奔驰glc宝马X3，奥迪Q5L哪个值得入手？,https://www.zhihu.com/question/449321891/answer/1947983474,4YourEyezOnly,
2026-05-18,X3,坑,特斯拉model 3有哪些硬伤？,https://www.zhihu.com/question/366452377/answer/1979882105338097954,hotpasta,
2026-05-18,X3,坑,宝马X3、奔驰GLC、奥迪Q5L、沃尔沃XC60哪个好？ ?,https://www.zhihu.com/question/407813855/answer/2037515815776474061,AnXuan,
2026-05-18,X3,坑,换代之后的宝马X3为什么销量如此拉胯？,https://www.zhihu.com/question/1915522847771726642/answer/2005896154840330335,alanzo,
2026-05-18,X3,坑,宝马X3选的后悔吗？,https://www.zhihu.com/question/637780560/answer/1986145806651261028,斯木兄,
2026-05-18,X3,坑,OPPO Watch X3（oppowatchx3）值得买吗？体验三天优缺点测评,https://zhuanlan.zhihu.com/p/2035034792941577007,小白同学,
2026-05-18,X3,坑,618吸尘器选购不踩坑！追觅X3实测：租房党/养宠家庭闭眼冲的高性价比款,https://zhuanlan.zhihu.com/p/2036120661995860504,搬砖喵,
2026-05-18,X3,坑,听我一句劝 宝马ix3别碰,https://zhuanlan.zhihu.com/p/1966458430719002269,爱车人可可,
2026-05-18,X3,怎么用,X3工具链的使用,https://zhuanlan.zhihu.com/p/1898425671174297316,木子君,
2026-05-18,X3,怎么用,如何评价咕咚X3和X3-RE精英版运动手表？,https://www.zhihu.com/question/344544900/answer/814486871,笔点酷玩,
2026-05-18,X3,怎么用,相见恨晚的办公神器——讯飞智能办公本X3丝滑体验,https://zhuanlan.zhihu.com/p/651804688,加勒比考斯,
2026-05-18,X3,怎么用,宝马X3车主必备：宝马X3使用说明书电子版｜全新宝马X3用户手册｜宝马X3保养手册,https://zhuanlan.zhihu.com/p/194140964,车主随身手册,
2026-05-18,X3,怎么用,2K出头拿下全钛手表，这算是赚了吗？,https://zhuanlan.zhihu.com/p/2033126222058801107,潮娱局,
2026-05-18,X3,怎么用,宝马X3 2024款说明书用户手册｜BMW X3 2024 Owner&#39;s Manual,https://zhuanlan.zhihu.com/p/711475905,车主随身手册,
2026-05-18,X3,怎么用,【别样风景】飞利浦Fidelio旗舰大耳X3使用手记,https://zhuanlan.zhihu.com/p/343052567,流氓才子,
2026-05-18,X3,怎么用,路由器+U盘做个NAS，又不是不能用，贝锐蒲公英X3体验！,https://zhuanlan.zhihu.com/p/637148091,刘三好,
2026-05-18,X5,报错,地瓜机器人RDK X5使用测试,https://zhuanlan.zhihu.com/p/2038620274833273760,Waves,
2026-05-18,X5,报错,X错误请重试怎么解决？2026最新修复X登录时出错与Attestation Denied指南,https://zhuanlan.zhihu.com/p/2010752434948027143,IPdodo全球网络,
2026-05-18,X5,报错,腾讯毒瘤——X5/XWeb内核的坑记录,https://zhuanlan.zhihu.com/p/51160869,林沈离,
2026-05-18,X5,报错,宝马X5传动系统故障,https://zhuanlan.zhihu.com/p/228220357,养车用车,
2026-05-18,X5,报错,记一次有趣的x509问题,https://zhuanlan.zhihu.com/p/648582311,我是小北挖哈哈,
2026-05-18,X5,报错,微信 x5调试页面打不开，因为没有使用x5内核是什么原因？,https://www.zhihu.com/question/507357682/answer/2389391885,九维空间,
2026-05-18,X5,报错,微信内置浏览器 x5内核 有哪些坑及解决方案？,https://www.zhihu.com/question/30465777/answer/119025602,评论区整活,
2026-05-18,X5,报错,x: LoginError.AttestationDenied怎么解决，求助大佬们?,https://www.zhihu.com/question/1968849347740405783/answer/2014514703993431726,Able,
2026-05-18,X5,安装失败,"腾讯X5内核,反复下载安装不成功怎么办",https://zhuanlan.zhihu.com/p/679032414,小海,
2026-05-18,X5,安装失败,腾讯X5内核这么多坑！？,https://www.zhihu.com/question/55826528/answer/3370918563,小海,
2026-05-18,X5,安装失败,为什么手机安装应用显示安装失败?,https://www.zhihu.com/question/376083931/answer/2035720419014095551,科技改变生活,
2026-05-18,X5,安装失败,Corel draw X5在win10安装不了？,https://www.zhihu.com/question/59352952/answer/169655474,柚子-意大利留学,
2026-05-18,X5,安装失败,有电脑高手可以看看这个安装失败怎么解决吗?,https://www.zhihu.com/question/13842836554/answer/117231323773,程坤,
2026-05-18,X5,安装失败,遇到软件反复安装失败或报错，有哪些通用的排查思路和解决办法？,https://www.zhihu.com/question/2023000188835383260/answer/2023132059476980668,电脑医生,
2026-05-18,X5,安装失败,如何解决系统安装失败？,https://www.zhihu.com/question/605267972/answer/3253537660,start along,
2026-05-18,X5,安装失败,电脑软件安装反复失败，常见的症结和有效的解决思路是什么？,https://www.zhihu.com/question/1958854569921586424/answer/1959692763563012927,天然Gentle,
2026-05-18,X5,无法开机,当手机开不了机，应该怎么办呢？,https://www.zhihu.com/question/5524314247/answer/44663105929,微笑聆听,
2026-05-18,X5,无法开机,汽车免拆诊断案例 | 2009宝马X5车发动机偶尔无法起动,https://zhuanlan.zhihu.com/p/718219213,虹科Pico汽车示波器,
2026-05-18,X5,无法开机,为什么手机不能开机了?,https://www.zhihu.com/question/649985239/answer/3442930707,小星星喜欢数码,
2026-05-18,X5,无法开机,电脑突然无法开机，如何判断是哪部分出现了问题呢？,https://www.zhihu.com/question/12905287915/answer/1898797939075286573,电子炼金术士,
2026-05-18,X5,无法开机,笔记本电脑打不开机怎么办?,https://www.zhihu.com/question/9349099420/answer/80326309294,小c呀,
2026-05-18,X5,无法开机,笔记本无法开机是什么问题?,https://www.zhihu.com/question/583039939/answer/2885728513,当我凝望深渊,
2026-05-18,X5,无法开机,手机无法开机怎么解决,https://zhuanlan.zhihu.com/p/349256980,毛毛雨,
2026-05-18,X5,无法开机,手机开不了机是什么原因,https://zhuanlan.zhihu.com/p/698142940,可柰,
2026-05-18,X5,教程,Insta360 X5 保姆级教程！手残党也能拍明白,https://zhuanlan.zhihu.com/p/1924527839555880531,写前端的猫老师,
2026-05-18,X5,教程,从“不会拍”到“都能拍”，全靠Insta360 X5懂我的“懒”,https://zhuanlan.zhihu.com/p/1918341212366143740,87870网,
2026-05-18,X5,教程,一名大模型算法工程师的机器人开发之路（一）——地瓜机器人RDK X5 开发板测评,https://zhuanlan.zhihu.com/p/1902399027,方小达,
2026-05-18,X5,教程,全景相机还能这么玩？分享影石Insta360 X5玩法技巧！新手小白也能轻松拿捏出大片,https://zhuanlan.zhihu.com/p/1929145526550533099,泡泡数码视频博客,
2026-05-18,X5,教程,用了半年学而思X5，聊聊普通家庭的真实感受,https://zhuanlan.zhihu.com/p/2037964767395062910,好用分享小心,
2026-05-18,X5,教程,理性派X5有源音箱前端搭配指南,https://zhuanlan.zhihu.com/p/1982866215899775353,鬼斧神工119,
2026-05-18,X5,教程,自己动手改科沃斯X5 Pro自动上下水模块教程,https://zhuanlan.zhihu.com/p/701465326,star123456,
2026-05-18,X5,教程,.NET MAUI安卓使用腾讯X5WebView教程,https://zhuanlan.zhihu.com/p/504358952,ericcui,
2026-05-18,X5,坑,给你一辆宝马X5一年的使用权，多少人能养的起？,https://www.zhihu.com/question/15200614008/answer/2023487951296833163,迷人的小红,
2026-05-18,X5,坑,宝马X5有哪些优缺点？,https://www.zhihu.com/question/341630204/answer/2021582680333001610,职场开心就好KK,
2026-05-18,X5,坑,在2025年这个时间下的知乎，为什么感觉好多人都跟华为有血海深仇？,https://www.zhihu.com/question/462185324/answer/1947775807524171818,跑了针的唱片,
2026-05-18,X5,坑,拥有一辆宝马X5是怎样一种体验？,https://www.zhihu.com/question/306089487/answer/1919332202946229216,用户名必填,
2026-05-18,X5,坑,宝马X5，是否值得下决心换？,https://www.zhihu.com/question/1969058165925615253/answer/1977769999964857366,铁钳子,
2026-05-18,X5,坑,买了宝马X5的你，现在后悔吗？为什么？,https://www.zhihu.com/question/341954315/answer/1898090597899829414,稳当住,
2026-05-18,X5,坑,拥有一辆宝马X5是怎样一种体验？,https://www.zhihu.com/question/306089487/answer/2315161999,Old Too,
2026-05-18,X5,坑,折叠手机维修大揭秘：别再被坑！专业操作太省心,https://zhuanlan.zhihu.com/p/2036148634455118981,CC的玩机手记,
2026-05-18,X5,怎么用,从“不会拍”到“都能拍”，全靠Insta360 X5懂我的“懒”,https://zhuanlan.zhihu.com/p/1918341212366143740,87870网,
2026-05-18,X5,怎么用,用了半年学而思X5，聊聊普通家庭的真实感受,https://zhuanlan.zhihu.com/p/2037964767395062910,好用分享小心,
2026-05-18,X5,怎么用,宝马X5车主必备：宝马X5使用说明书电子版｜全新宝马X5用户手册｜宝马X5保养手册,https://zhuanlan.zhihu.com/p/196454523,车主随身手册,
2026-05-18,X5,怎么用,Insta360 X5 保姆级教程！手残党也能拍明白,https://zhuanlan.zhihu.com/p/1924527839555880531,写前端的猫老师,
2026-05-18,X5,怎么用,“文山”“会海”终结者——思必驰AI办公本 X5系列上手体验及测评,https://zhuanlan.zhihu.com/p/1954116966953493847,长亭Time,
2026-05-18,X5,怎么用,insta 360X5跟大疆的pocket 3有什么不同?,https://www.zhihu.com/question/1900410312873738986/answer/2025696431537693993,武雨辰,
2026-05-18,X5,怎么用,小调查：目前你用的手机是什么牌子的呢？,https://www.zhihu.com/question/1955535330234077448/answer/1979609518406133134,藤井 树,
2026-05-18,X5,怎么用,买血压计就是测个心安？我总结了30+用户经验分享：大多数人可能都用错了方法。,https://zhuanlan.zhihu.com/p/2038730513125482951,阿萨姆奶茶,
2026-05-18,S100,报错,地瓜机器人RDK S100 系统烧录 初学者避坑指南,https://zhuanlan.zhihu.com/p/1943983530808940050,bsll,
2026-05-18,S100,报错,在 M1/M2 Mac 本地运行 Stable Diffusion 会怎么样？,https://www.zhihu.com/question/561792906/answer/2999191713,楚门,
2026-05-18,S100,报错,怎么看待紫光存储推出的s100固态硬盘？,https://www.zhihu.com/question/317956858/answer/675037819,无端切切,
2026-05-18,S100,报错,谈谈逛完wrc后对具身智能硬件架构的疑惑以及思考,https://zhuanlan.zhihu.com/p/1940456980926926911,沧海一条狗,
2026-05-18,S100,报错,米家电动剃须刀选购指南：小米电动剃须刀不同型号的差异,https://zhuanlan.zhihu.com/p/684585031,养鱼日记,
2026-05-18,S100,报错,Abaqus常见错误（汇总）,https://zhuanlan.zhihu.com/p/538169292,Pupil,
2026-05-18,S100,报错,有关于ecc 报错？,https://www.zhihu.com/question/307755826/answer/1939391012830180539,捷智算,
2026-05-18,S100,报错,2026 年还能等得到 LCD 屏的旗舰机吗？,https://www.zhihu.com/question/1941934939223360964/answer/1981855150164431790,过去的风吹来,
2026-05-18,S100,安装失败,为什么手机安装应用显示安装失败?,https://www.zhihu.com/question/376083931/answer/2035720419014095551,科技改变生活,
2026-05-18,S100,安装失败,遇到软件反复安装失败或报错，有哪些通用的排查思路和解决办法？,https://www.zhihu.com/question/2023000188835383260/answer/2023132059476980668,电脑医生,
2026-05-18,S100,安装失败,如何解决系统安装失败？,https://www.zhihu.com/question/605267972/answer/3253537660,start along,
2026-05-18,S100,安装失败,NVIDIA安装程序安装失败怎么弄?,https://www.zhihu.com/question/515543230/answer/1923467474965337586,笑咏,
2026-05-18,S100,安装失败,电脑一直这样是怎么回事啊？一直安装失败?,https://www.zhihu.com/question/630982628/answer/3296448911,IT行者,
2026-05-18,S100,安装失败,【常见问题（三）】系统安装过程中无法识别到硬盘，导致安装失败,https://zhuanlan.zhihu.com/p/709328058,tg0809,
2026-05-18,S100,安装失败,谈一下迪卡侬AM100s这个价值得入吗?,https://www.zhihu.com/question/352881045/answer/2026437339,小触苦逼宅中腐,
2026-05-18,S100,安装失败,显卡驱动安装失败，显卡驱动也删干净了，就是安装失败。求解?,https://www.zhihu.com/question/535237371/answer/2037228288939136356,电脑驱动小哥,
2026-05-18,S100,无法开机,怎么看待紫光存储推出的s100固态硬盘？,https://www.zhihu.com/question/317956858/answer/675037819,无端切切,
2026-05-18,S100,无法开机,为什么手机不能开机了?,https://www.zhihu.com/question/649985239/answer/3442930707,小星星喜欢数码,
2026-05-18,S100,无法开机,为什么手机无法开机?,https://www.zhihu.com/question/603950896/answer/3052422934,花满楼,
2026-05-18,S100,无法开机,手机不能开机应该如何维修？,https://www.zhihu.com/question/562071846/answer/2889169162,昆明手机维修,
2026-05-18,S100,无法开机,【老机升级日记】平平无奇的DELL灵越-5557,https://zhuanlan.zhihu.com/p/347324770,四面边声连角起,
2026-05-18,S100,无法开机,手机开不了机是什么原因,https://zhuanlan.zhihu.com/p/698142940,可柰,
2026-05-18,S100,无法开机,手机为何无法开机？,https://www.zhihu.com/question/424512996/answer/1511268499,用户,
2026-05-18,S100,无法开机,手机开不开机怎么办?,https://www.zhihu.com/question/356294809/answer/3053072769,昆明手机维修,
2026-05-18,S100,教程,自学钢琴真的很难实现吗？？？,https://www.zhihu.com/question/419458886/answer/2663637716,闻西,
2026-05-18,S100,教程,自学钢琴能成吗，要怎么做？,https://www.zhihu.com/question/573340855/answer/2826735055,闻西,
2026-05-18,S100,教程,小米剃须刀s100刀头拆解详细教程,https://zhuanlan.zhihu.com/p/192391409,dlbdlb,
2026-05-18,S100,教程,千元手搓一台AI机械臂：SO-101从采购到组装全记录（硬件篇）,https://zhuanlan.zhihu.com/p/2039624573973422759,硅基趣玩喵,
2026-05-18,S100,教程,艾利和SE100怎么安装网易云 ？恳求大神发个教程 。?,https://www.zhihu.com/question/355199828/answer/1234275215,西蒙刘,
2026-05-18,S100,教程,性爱技巧教程：A27：女性敏感点刺激与阴蒂爱抚技巧,https://zhuanlan.zhihu.com/p/2036898670004654182,绝不原创的飞龙,
2026-05-18,S100,教程,500小时CS从D+到S，我是怎么做的,https://zhuanlan.zhihu.com/p/1918519233014370919,知乎用户月,
2026-05-18,S100,教程,学单片机用什么样的示波器?,https://www.zhihu.com/question/656168705/answer/3500055682,仲夏夜的乙醇,
2026-05-18,S100,坑,地瓜机器人RDK S100 系统烧录 初学者避坑指南,https://zhuanlan.zhihu.com/p/1943983530808940050,bsll,
2026-05-18,S100,坑,怎么看待紫光存储推出的s100固态硬盘？,https://www.zhihu.com/question/317956858/answer/675037819,无端切切,
2026-05-18,S100,坑,米家电动剃须刀选哪个？ S100/S500/米家博朗电动剃须刀，可别上当了,https://zhuanlan.zhihu.com/p/458641881,千金难买我乐意,
2026-05-18,S100,坑,慎选！这些「小米98/100寸」电视不要买！2026年小米巨幕电视避坑指南TOP3推荐！（1月版）,https://zhuanlan.zhihu.com/p/1920879787553068072,林峰,
2026-05-18,S100,坑,211本科，最近拿到西门子sales 100的offer，担心销售岗以后发展受限，纠结要不要去?,https://www.zhihu.com/question/422939623/answer/3272815377,问西东,
2026-05-18,S100,坑,你的卡西欧使用了多久了，它现在是什么状态？,https://www.zhihu.com/question/342441566/answer/1994317643,一颗菠萝,
2026-05-18,S100,坑,西门子给今年校招生的薪酬待遇怎么样？,https://www.zhihu.com/question/496177219/answer/3272904257,问西东,
2026-05-18,S100,坑,新手s常犯的5个致命误区,https://zhuanlan.zhihu.com/p/1975649035919577436,假面先生,
2026-05-18,S100,怎么用,谈谈逛完wrc后对具身智能硬件架构的疑惑以及思考,https://zhuanlan.zhihu.com/p/1940456980926926911,沧海一条狗,
2026-05-18,S100,怎么用,不吹不黑小米家的东西到底怎么样？,https://www.zhihu.com/question/315620843/answer/1546575909,长生,
2026-05-18,S100,怎么用,通用海道测量数据模型（S-100）简介（一）,https://zhuanlan.zhihu.com/p/536172666,珞珈知乎,
2026-05-18,S100,怎么用,米家电动剃须刀选购指南：小米电动剃须刀不同型号的差异,https://zhuanlan.zhihu.com/p/684585031,养鱼日记,
2026-05-18,S100,怎么用,你的卡西欧使用了多久了，它现在是什么状态？,https://www.zhihu.com/question/342441566/answer/1994317643,一颗菠萝,
2026-05-18,S100,怎么用,2026几乎零差评的米家剃须刀推荐,https://zhuanlan.zhihu.com/p/2002692641435961057,潘羽豪,
2026-05-18,S100,怎么用,这些小米剃须刀千万别买！2026推荐6款高性价比小米/米家电动剃须刀,https://zhuanlan.zhihu.com/p/704747615,小白同学,
2026-05-18,S100,怎么用,【评新】松下LUMIX S 100-500mm F5-7.1 O.I.S. 镜头（2025.09.24）,https://zhuanlan.zhihu.com/p/1969370960806262198,评机构成,
2026-05-18,TROS,报错,Python traceback模块与异常返回,https://zhuanlan.zhihu.com/p/141245312,逻辑怪,
2026-05-18,TROS,报错,国产操作系统很多年没有搞成为什么有人会认为鸿蒙会成功？,https://www.zhihu.com/question/661764911/answer/3574901981,长颈鹿鹿鹿,
2026-05-18,TROS,报错,为什么 ReAct 已经不够了？从 Plan-Then-Act 到 ToT、LATS 讲透 Agent 规划三条路,https://zhuanlan.zhihu.com/p/2025507995761516929,AgentAlpha,
2026-05-18,TROS,报错,OpenClaw - 疑难问题指引,https://zhuanlan.zhihu.com/p/2014473126000485832,JoyousX,
2026-05-18,TROS,报错,某些外国人对中国有多不了解？,https://www.zhihu.com/question/325279707/answer/2676383446,良马逐利艰贞,
2026-05-18,TROS,报错,有没有人可以告诉我，为什么我的推特和纸飞机一直都是这个界面？明明都已经下好了，却一直卡在这个界面。?,https://www.zhihu.com/question/1938345283495888083/answer/2038346789053584759,紫霞工具箱,
2026-05-18,TROS,报错,最近用GPT-5.5，有点不太稳定，刷新一下页面直接不能报错，大家有遇到这种情况吗？,https://www.zhihu.com/question/2036490316631520964/answer/2036495064126509988,三天饿九顿,
2026-05-18,TROS,报错,OpenFast笔记 常见的两个报错,https://zhuanlan.zhihu.com/p/622214253,科学神棍,
2026-05-18,TROS,安装失败,TrollInstallerDark，新巨魔安装器发布,https://zhuanlan.zhihu.com/p/2039475662940022335,捷径指令大全,
2026-05-18,TROS,安装失败,【最新】一直安装失败？巨魔商店2 TrollStore2 正式版安装教程！简单小白可操作~,https://zhuanlan.zhihu.com/p/670172947,数码盖饭,
2026-05-18,TROS,安装失败,遇到软件反复安装失败或报错，有哪些通用的排查思路和解决办法？,https://www.zhihu.com/question/2023000188835383260/answer/2023132059476980668,电脑医生,
2026-05-18,TROS,安装失败,为什么tomcat老安装失败？,https://www.zhihu.com/question/47249260/answer/2656311709,泥菩萨,
2026-05-18,TROS,安装失败,为什么手机安装应用显示安装失败?,https://www.zhihu.com/question/376083931/answer/2035720419014095551,科技改变生活,
2026-05-18,TROS,安装失败,国产操作系统很多年没有搞成为什么有人会认为鸿蒙会成功？,https://www.zhihu.com/question/661764911/answer/3574901981,长颈鹿鹿鹿,
2026-05-18,TROS,安装失败,地平线机器人开发平台系列教程| 5.TogetherROS系统安装,https://zhuanlan.zhihu.com/p/557348199,古月,
2026-05-18,TROS,安装失败,已签名！TrollInstallerX巨魔安装保姆及教程！,https://zhuanlan.zhihu.com/p/2011761228767335461,宅哥技术,
2026-05-18,TROS,无法开机,电脑突然无法开机，如何判断是哪部分出现了问题呢？,https://www.zhihu.com/question/12905287915/answer/1998038161352320150,我是一个PE,
2026-05-18,TROS,无法开机,电脑无法开机时，有哪些有效的解决方法可以尝试呢？,https://www.zhihu.com/question/11746026943/answer/97985503932,我是一个PE,
2026-05-18,TROS,无法开机,电脑无法开机时，有哪些有效的解决方法可以尝试呢？,https://www.zhihu.com/question/11746026943/answer/99934419553,笨森马,
2026-05-18,TROS,无法开机,电脑开不了机了，这种要怎么处理？,https://www.zhihu.com/question/667117570/answer/3625064258,知乎用户LX,
2026-05-18,TROS,无法开机,电脑不能正常启动怎么回事?,https://www.zhihu.com/question/369240038/answer/1907813517475705276,IT小农工,
2026-05-18,TROS,无法开机,电脑开不了机怎么办呢？,https://www.zhihu.com/question/653304793/answer/3470229090,大拿维修-牛姐,
2026-05-18,TROS,无法开机,Thinkpad T440s 有时无法开机？,https://www.zhihu.com/question/24441389/answer/117061127,haiyun han,
2026-05-18,TROS,无法开机,电脑无法开机是什么原因？,https://www.zhihu.com/question/328279888/answer/1919406579205271686,洛水如云,
2026-05-18,TROS,教程,地瓜机器人RDK X5使用测试,https://zhuanlan.zhihu.com/p/2038620274833273760,Waves,
2026-05-18,TROS,教程,一个很简单的交易系统。,https://zhuanlan.zhihu.com/p/2026430635,Margin Call,
2026-05-18,TROS,教程,地平线机器人开发平台系列教程| 6.TogetherROS系统配置,https://zhuanlan.zhihu.com/p/557780947,古月,
2026-05-18,TROS,教程,国产操作系统很多年没有搞成为什么有人会认为鸿蒙会成功？,https://www.zhihu.com/question/661764911/answer/3574901981,长颈鹿鹿鹿,
2026-05-18,TROS,教程,地平线机器人开发平台系列教程| 5.TogetherROS系统安装,https://zhuanlan.zhihu.com/p/557348199,古月,
2026-05-18,TROS,教程,Dart 语言零基础入门学习文档,https://zhuanlan.zhihu.com/p/2036512523130818901,王志强,
2026-05-18,TROS,教程,说人话理解 RoPE：从 sin/cos 位置编码到旋转矩阵，一次讲清楚,https://zhuanlan.zhihu.com/p/2032881588019663675,marsggbo,
2026-05-18,TROS,教程,如何学习形式化验证？,https://www.zhihu.com/question/329390814/answer/716866269,Nodawa,
2026-05-18,TROS,坑,Trae国际版的新付费计划之巨坑,https://zhuanlan.zhihu.com/p/2011329746626167658,张三丰,
2026-05-18,TROS,坑,26-cv-01646，79店陷Korobov超现实主义版权TRO雷区！速查自救！,https://zhuanlan.zhihu.com/p/2035320795652731994,英特逊Maggie,
2026-05-18,TROS,坑,2026 年亚马逊跨境电商的残酷真相：为什么你明明合规经营，还是会被坑到血本无归？,https://zhuanlan.zhihu.com/p/2037946116298289951,睿观ERiC,
2026-05-18,TROS,坑,国产操作系统很多年没有搞成为什么有人会认为鸿蒙会成功？,https://www.zhihu.com/question/661764911/answer/3574901981,长颈鹿鹿鹿,
2026-05-18,TROS,坑,玩加密货币为什么不能去小交易所？,https://zhuanlan.zhihu.com/p/1919438941209227840,chenyuekd,
2026-05-18,TROS,坑,收到 TRO 的那天，他删掉了 Listing 里一个普通单词,https://zhuanlan.zhihu.com/p/2037952906050134192,赛贝哨兵,
2026-05-18,TROS,坑,2026 年 4 月 23 日 - 5 月 6 日，跨境电商行业有哪些值得关注的核心热点？| TRO 合规、平台政策、AI 工具全拆解,https://zhuanlan.zhihu.com/p/2035679176661915392,睿观ERiC,
2026-05-18,TROS,坑,同样花十几刀买 VPS，凭什么有的能开 Netflix，有的连 ChatGPT 都被风控？,https://zhuanlan.zhihu.com/p/2029237367744078035,小墨同学,
2026-05-18,RDK,报错,zhihu,地瓜机器人RDK X5使用测试,https://zhuanlan.zhihu.com/p/2038620274833273760,
2026-05-18,RDK,报错,zhihu,RTK网络模式不固定，出现单点解、差分或浮点的原因及解决办法,https://zhuanlan.zhihu.com/p/501045144,
2026-05-18,RDK,报错,zhihu,犀牛打印出现RDK是什么原因?,https://www.zhihu.com/question/388447775/answer/1295750638,
2026-05-18,RDK,报错,zhihu,地瓜机器人RDK S100 系统烧录 初学者避坑指南,https://zhuanlan.zhihu.com/p/1943983530808940050,
2026-05-18,RDK,报错,zhihu,2022年1月-Win10 Anaconda下载安装RDKit并在Jupyter内成功使用的一些小心得和弯路,https://zhuanlan.zhihu.com/p/455633270,
2026-05-18,RDK,报错,google,8. 常见问题| RDK DOC - 地瓜机器人,https://developer.d-robotics.cc/rdk_doc/FAQ/,本节主要解答与在RDK平台上安装/使用第三方库、编译应用程序、运行官方示例以及相关问题。 📄️ 8.4 多媒体 ...
2026-05-18,RDK,报错,google,GPU not working (llvmpipe) on RDK X5,https://github.com/D-Robotics/x5-rdk-gen/issues/32,RDK X5 GPU 无法使用（llvmpipe）. 描述. 在 RDK X5（Ubuntu 22.04）上，GPU 未生效。 glxinfo 显示为 llvmpipe（CPU 渲染）。
2026-05-18,RDK,报错,google,5.1.1 环境准备| RDK DOC,https://d-robotics.github.io/rdk_doc/Robot_development/quick_start/preparation,如果 sudo apt update 命令执行失败或报错，请查看常见问题章节的 Q10: apt update 命令执行失败或报错如何处理？ 解决。 系统配置​. 镜像成功烧写后 ...
2026-05-18,RDK,报错,google,8.3 应用开发、编译与示例| RDK DOC,https://developer.d-robotics.cc/rdk_doc/FAQ/applications_and_examples/,A: 如果浏览器无法打开RDK上托管的WEB页面，可能的原因如下：. Nginx服务冲突或未正确启动(针对某些依赖Nginx的WEB示例)：. 问题原因： 如果RDK板卡上 ...
2026-05-18,RDK,报错,google,RDK problem in Print - Rhino for Windows - McNeel Forum,https://discourse.mcneel.com/t/rdk-problem-in-print/199156,
2026-05-18,RDK,安装失败,zhihu,遇到软件反复安装失败或报错，有哪些通用的排查思路和解决办法？,https://www.zhihu.com/question/2023000188835383260/answer/2023132059476980668,
2026-05-18,RDK,安装失败,zhihu,百度人工智能平台AI Studio在化学中的应用——RDKit安装及使用,https://zhuanlan.zhihu.com/p/363227148,
2026-05-18,RDK,安装失败,zhihu,你最高光的时刻是什么时候？,https://www.zhihu.com/question/639104851/answer/3446150974,
2026-05-18,RDK,安装失败,google,5.4.1 SLAM建图| RDK DOC - 地瓜机器人,https://developer.d-robotics.cc/rdk_doc/Robot_development/apps/slam/,本小节介绍如何使用RDK运行SLAM算法，并使用PC观察建图效果。 PC端启动仿真环境： ... 如果启动失败，并且报错 [ERROR] [gzclient-2]: process has died ，请执行命令 source / ...
2026-05-18,RDK,安装失败,google,D-Robotics RDK套件,https://github.com/D-Robotics/rdk_doc/blob/main/docs/RDK.md,ROS 组件修复： 修复了MIPI Cam 和算法模块ros component so 安装路径错误导致运行时加载失败的问题。 hobot_codec 优化： 优化了图像编解码模块配置，删除了无效参数，并新增 ...
2026-05-18,RDK,安装失败,google,【教程】RDK X5闪连RDK Studio教程以及相关问题,http://new.guyuehome.com/wap/detail?id=1845443441566265346,4、烧写弹出“安装时出错” ... 一般是由于未完全加载RDK相关资源，多点击几次'OK'按键即可。如果是多次点击仍然未能解决，可尝试重启软件或者重新安装软件。
2026-05-18,RDK,安装失败,google,RDK-X3-Robot配置网络连接出错 - 火山引擎ADG 社区,https://adg.csdn.net/6970a042437a6b40336af804.html,"May 3, 2025 — 组装好的RDK-X3-Robot组网，官方自带系统开机时自动发送热点，电脑连接后就可以SSH登录开发板。但是不能联网，我想要在同一路由器下组成局域网。"
2026-05-18,RDK,安装失败,google,hobot_tts fails to work correctly on RDK X5 (Can't find ...,https://github.com/D-Robotics/hobot_tts/issues/2,
2026-05-18,RDK,无法开机,google,根据要求安装驱动，安装之后rdk_x5 开发板无法启动#4,https://github.com/D-Robotics/rdk_imu/issues/4,根据要求安装驱动，安装之后rdk_x5 开发板无法启动，麻烦帮忙解决问题。 我根据这个教程操作，执行 dpkg -i hobot-*.deb
2026-05-18,RDK,无法开机,google,D-Robotics RDK套件| RDK DOC,https://developer.d-robotics.cc/rdk_doc/,RDK X5​. 注意事项：. 设备出厂说明设备出厂时已预装匹配的最新版miniboot 固件，为保障硬件兼容性，严禁降级刷入旧版本固件；降级操作可能导致设备无法启动。 固件升级 ...
2026-05-18,RDK,无法开机,google,古月居- ROS机器人知识分享社区,https://www.guyuehome.com/wap/interlocution?id=1826932471168708609,新问题. RDK x3无法启动系统. 187****1695. 0. 288. 2025-01-22发布 · 新问题. RDK X3 及origincar控制板使用一天后无法启动和连接. 文无. 0. 1173. 2024-05-16发布. 有 ...
2026-05-18,RDK,无法开机,google,解决RDK X5（ARM64架构）板卡Remote-SSH运行 ...,https://www.cnblogs.com/Vsonic12138/p/19721599,
2026-05-18,RDK,教程,zhihu,学习 RDKit 套件系列教程（一）：入门指南,https://zhuanlan.zhihu.com/p/7027997646,
2026-05-18,RDK,教程,zhihu,一名大模型算法工程师的机器人开发之路（一）——地瓜机器人RDK X5 开发板测评,https://zhuanlan.zhihu.com/p/1902399027,
2026-05-18,RDK,教程,zhihu,RDKit|新手入门,https://zhuanlan.zhihu.com/p/1942638671456104968,
2026-05-18,RDK,教程,zhihu,RDK X5测评报告—创新性与实用性的全新结合,https://zhuanlan.zhihu.com/p/1484121726,
2026-05-18,RDK,教程,google,RDK X5超新手入门教程：从系统烧录到YOLO 物体识别,https://github.com/datawhalechina/every-embodied/blob/main/03-%E6%9C%BA%E5%99%A8%E4%BA%BA%E7%A1%AC%E4%BB%B6%E3%80%81lerobot%E5%8F%8A%E5%9C%B0%E7%93%9CRDK-X5%E5%BC%80%E5%8F%91%E6%9D%BF%E6%8E%A7%E5%88%B6%E6%95%99%E7%A8%8B/01RDKX5%E8%B6%85%E6%96%B0%E6%89%8B%E5%85%A5%E9%97%A8%E6%95%99%E7%A8%8B.md,RDK X5超新手入门教程：从系统烧录到YOLO 物体识别 · 目录 · 如何购买 · RDK X5 规格参数 · 系统烧录 · YOLO算法测试 · 摄像头应用 · ROS 应用 · 结语.
2026-05-18,RDK,教程,google,RDK X5超新手入门教程：从系统烧录到yolov5物体识别,https://damodev.csdn.net/68634eebb93e2f41796202c7.html,RDK X5超新手入门教程：从系统烧录到yolov5物体识别-RDKX5地瓜机器人 · weixin_51636531 · 前言： · 前期准备 · 系统安装 · 启动系统 · 配置网络 · 可选：SSH ...
2026-05-18,RDK,教程,google,1. 快速开始| RDK DOC,https://developer.d-robotics.cc/rdk_doc/Quick_start/,本章节旨在向需要通过个人电脑(PC)远程访问开发板的用户介绍如何通过串口、RDK Studio、网络(VNC、SSH)方式进行远程登录。 🗃️ 1.5 显示屏使用. 1 个项目 · 📄️ 1.6 算法体验.
2026-05-18,RDK,教程,google,线上课程-RDK X5开发板,https://www.yahboom.com/study/rdk_x5,RDK X5开发板. 1、RDK X5官方资料 2、无法开机解决方案 3、快速上手 4、Linux内存查询 · RDK X5开发板简介 · RDK X5基础设置 · 基础开发课程 · ROS扩展板 · T-MINI PLUS 雷达.
2026-05-18,RDK,坑,zhihu,Kards回坑天梯经验笔记,https://zhuanlan.zhihu.com/p/1898997285792223390,
2026-05-18,RDK,坑,zhihu,10亿！今年最大机器人芯片融资诞生,https://zhuanlan.zhihu.com/p/2025235512244416849,
2026-05-18,RDK,坑,zhihu,你是否购买了地瓜机器人的RDK X5，感觉怎么样？,https://www.zhihu.com/question/839515618/answer/4973176459,
2026-05-18,RDK,坑,google,地瓜派RDK X5部署YOLOv11n避坑指南：从Softmax算子 ...,https://blog.csdn.net/gold/article/details/149301216,
2026-05-18,RDK,坑,google,地平线RDK-X5实战：从零部署YOLOv5模型的完整避坑指南（ ...,https://blog.csdn.net/a3b4c5/article/details/152902082,1. 地平线RDK-X5开发环境深度配置与避坑. 拿到RDK-X5开发板后，第一步是搭建一个稳定、高效的开发环境。这个过程看似基础，却直接决定了后续所有步骤的 ...
2026-05-18,RDK,坑,google,04. 机器人执行器：原理、选型与控制,https://github.com/datawhalechina/every-embodied/blob/main/03-%E6%9C%BA%E5%99%A8%E4%BA%BA%E7%A1%AC%E4%BB%B6%E3%80%81lerobot%E5%8F%8A%E5%9C%B0%E7%93%9CRDK-X5%E5%BC%80%E5%8F%91%E6%9D%BF%E6%8E%A7%E5%88%B6%E6%95%99%E7%A8%8B/05%E6%89%A7%E8%A1%8C%E5%99%A8%E5%8E%9F%E7%90%86%E4%B8%8E%E9%80%89%E5%9E%8B.md,
2026-05-18,RDK,怎么用,zhihu,KDJ 真正有用的地方，可能和你想的不一样,https://zhuanlan.zhihu.com/p/2038657312131397445,
2026-05-18,RDK,怎么用,google,开始- robodk文档,https://robodk.com.cn/doc/cn/Getting-Started.html,1.选择程序➔ Getting Started - 图片48 添加程序。 · 2.选择程序➔ Getting Started - 图片49 程序调用指令。 · 3.输入名称：ApproachMove， 或者使用选择程序自动添加程序。 · 4 ...
2026-05-18,RDK,怎么用,google,地瓜机器人RDK Studio使用教程- SkyXZ,https://www.cnblogs.com/SkyXZ/p/18668535,示例程序一键运行：RDK Studio内置地瓜机器人官方的NodeHub，动动手指即可实现官方示例程序的运行展示，不再需要繁杂的步骤就能体验RDK非凡性能.
2026-05-18,X3,报错,zhihu,宝马X3显示传动系统有问题是怎么回事?,https://www.zhihu.com/question/615350268/answer/3147656928,
2026-05-18,X3,报错,zhihu,X错误请重试怎么解决？2026最新修复X登录时出错与Attestation Denied指南,https://zhuanlan.zhihu.com/p/2010752434948027143,
2026-05-18,X3,报错,zhihu,【硬核实战】飞腾 D2000 随机死机排查：从内核空指针报错到电源纹波整改全记录,https://zhuanlan.zhihu.com/p/2004624963987080813,
2026-05-18,X3,报错,zhihu,一年半iX3车主，谈一下这辆杂牌电动车,https://zhuanlan.zhihu.com/p/670468143,
2026-05-18,X3,报错,zhihu,千万不要买华为ax3,https://zhuanlan.zhihu.com/p/351792440,
2026-05-18,X3,报错,google,影石Insta360 x3 问题排查-X系列：无法连接手机Insta360 App,http://onlinemanual.insta360.com/x3/zh-cn/troubleshooting/connection/app-connection,检查基础连接方式 · 查看相机Wi-Fi 设置页面，确认是否有报错。 · 从相机屏幕顶部下滑，进入“快捷菜单”，在“设置⚙” 中开启Wi-Fi，同时确保手机Wi-Fi、蓝牙均已开启。 · 打开 ...
2026-05-18,X3,报错,google,[KB225924850098947功能解说] 报错：“连接到服务器失败：X3 ...,http://www.sagesoft.cn/bbs/viewthread.php?tid=13652,* 本文由赛捷软件（上海）有限公司翻译完成，未经授权不得转载。如需转载，请先联系相应版块的版主取得授权。 ... 1. 请检查SQL Server服务是否运行，或者应用服务器是否可以 ...
2026-05-18,X3,报错,google,自FW/App更新组合以来，X3持续错误代码6102 - 基本上完全 ...,https://www.reddit.com/r/SegwayNavimow/comments/1kbpslr/x3_constant_error_code_6102_since_the_fwapp/?tl=zh-hans,Reddit · r/SegwayNavimow30+ comments  ·  1 year ago
2026-05-18,X3,报错,google,An error `undefined is not an object (evaluating 'x3.data.id') ...,https://github.com/anomalyco/opencode/issues/10561,"Jan 25, 2026 — Question When I run opencode on macOS, there is an error : undefined is not an object (evaluating 'x3.data.id') If I use sudo opencode It ..."
2026-05-18,X3,报错,google,[KB 92600功能解说] 报错：“已禁止或禁用X3解决方案上的所有X3 ...,http://114.215.210.180/bbs/archiver/tid-11428.html,6. 向下滚动，寻找X3solution，双击runtimes展开。 7. 检验已禁止或禁用是否设置为了“true”。如果是，右击任意项目，选择“编辑文档”。 8. 手动输入“false”（不加引号）来 ...
2026-05-18,X3,安装失败,zhihu,为什么手机安装应用显示安装失败?,https://www.zhihu.com/question/376083931/answer/2035720419014095551,
2026-05-18,X3,安装失败,zhihu,有电脑高手可以看看这个安装失败怎么解决吗?,https://www.zhihu.com/question/13842836554/answer/117231323773,
2026-05-18,X3,安装失败,zhihu,电脑软件安装反复失败，常见的症结和有效的解决思路是什么？,https://www.zhihu.com/question/1958854569921586424/answer/1959692763563012927,
2026-05-18,X3,安装失败,zhihu,如何解决系统安装失败？,https://www.zhihu.com/question/605267972/answer/3253537660,
2026-05-18,X3,无法开机,zhihu,素士X3电动牙刷无法开机，拆机发现导致故障的原因，已无法修理伤心……,https://zhuanlan.zhihu.com/p/125747205,
2026-05-18,X3,无法开机,zhihu,宝马X3未满一年无法启动，4S店和消费者各执一词,https://zhuanlan.zhihu.com/p/535888503,
2026-05-18,X3,无法开机,zhihu,"素士X3报废,V1的三个半月体验以及开箱",https://zhuanlan.zhihu.com/p/99803212,
2026-05-18,X3,无法开机,zhihu,当贝x3翻车，开机3分钟提示温度异常,https://zhuanlan.zhihu.com/p/463823772,
2026-05-18,X3,无法开机,zhihu,poco x3 pro开不了机怎么办？,https://www.zhihu.com/question/618787803,
2026-05-18,X3,无法开机,google,X系列：相机无法开机,http://onlinemanual.insta360.com/x3/zh-cn/troubleshooting/turnon/cannot-turn-on,解决方案 · 1. 使用原装数据线为相机充电20 分钟，短按电源键尝试开机。 · 2. 尝试重新插拔电池后开机；如有多块电池，可更换电池并尝试开机。 · 3. 如有读卡器，也可尝试通过 ...
2026-05-18,X3,无法开机,google,4. X3无法开机或死机怎么办？,https://fiio.com/newsinfo/8010.html,4. X3无法开机或死机怎么办？ · 1. 用一根牙签或者其他细小的工具捅播放器复位孔进行复位。 · 2. 将机子连接到电脑USB后再根据方法1复位（注：此方法不适用于因使用不符合规格 ...
2026-05-18,X3,无法开机,google,常见问题：Insta360 X3 相机,https://support.matterport.com/s/article/FAQ-Insta360-X3-Camera?language=zh_CN,连接电源后，如果指示灯闪烁红光，按电源按钮无法开机，请断开连接并取出电池，重新安装后再试一次；如果仍无法开机，请取出电池再试一次；如果取出电池后仍无法 ...
2026-05-18,X3,无法开机,google,insta360 X3 无法开机，只有在充电时红灯亮,https://www.reddit.com/r/Insta360/comments/1qhbe5j/insta360_x3_it_doesnt_turn_on_only_the_red_light/?tl=zh-hans,Reddit · r/Insta3605 comments  ·  3 months ago
2026-05-18,X3,无法开机,google,小米商城- 无法开机,https://www.mi.com/service/support/startup,无法开机 · 1、长按电源键10秒以上，尝试强制重启； · 2、确定手机是不是电量过低导致的关机； · 3、如果插上原装电源适配器（充电器），在没有执行任何操作的前提下，手机发热； · 4、 ...
2026-05-18,X3,教程,zhihu,教你怎么用蒲公英X3把群辉NAS打造成私有云盘教程方法,https://zhuanlan.zhihu.com/p/64269475,
2026-05-18,X3,教程,zhihu,latex3教程推荐,https://zhuanlan.zhihu.com/p/689098640,
2026-05-18,X3,教程,zhihu,宝马X3车主必备：宝马X3使用说明书电子版｜全新宝马X3用户手册｜宝马X3保养手册,https://zhuanlan.zhihu.com/p/194140964,
2026-05-18,X3,教程,zhihu,改装宝马 X3 需要掌握哪些专业知识和技能？,https://www.zhihu.com/question/637646639/answer/3353859037,
2026-05-18,X3,教程,zhihu,华为Mate X3一键安装谷歌教程,https://zhuanlan.zhihu.com/p/621909942,
2026-05-18,X3,教程,google,Insta360 X3 - 首次使用教程,https://www.insta360.com/cn/x3/guide,Insta360 X3首次使用教程 · 1. 下载Insta360 App. Insta360 App. 相机控制和素材编辑. 下载 · 2. Insta360 X3 - 首次使用. insta360. 首次使用 · 3. Insta360 X3- 在线说明书.
2026-05-18,X3,教程,google,宝马x3新手驾驶全部流程教程| BitAuto,https://cj.sina.cn/articles/view/7857141524/1d452771401902757s?froms=ggmp,宝马X3新手驾驶教程如下：. 一、启动与熄火. 启动：进入车内，确保智能钥匙在车内，踩下刹车踏板，按下启动按钮即可启动车辆。
2026-05-18,X3,教程,google,线上课程-ROSMASTER X3,https://www.yahboom.com/study/ROSMASTER-X3,01、ROSMASTER简介 · 02、ROSMASTER组装教程 · 03、遥控体验教程 · 04、ROS机器人扩展板功能教程 · 05、ROSMASTER基础控制教程 · 06、Linux操作系统 · 07、Docker-pi5.
2026-05-18,X3,教程,google,X3 - 入门教程- 帮助中心,https://doc.xiaoji.com/en/x3/detail/952.html,X3 Type-C-Use the Cooler · X3 Type-C-Charge Your Phone. Game Walkthroughs. X3-Introduction of Connection. X3 - 入门教程. X3_说明书(1)-9.jpg X3_说明书(1)-10.jpg.
2026-05-18,X3,教程,google,浩瀚产品教学,https://www.hohem.com/cn/tutorial/isteady-x3/x3-buttons,教学视频 · 点击下方可观看iSteady X3【按键操作】教学视频。 · 长按3秒：开/关机 · 双击：稳定器休眠（再次双击唤醒） · 5连击：稳定器静态校准 · 双击：稳定器归中 · 3 连击：航向轴 ...
2026-05-18,X3,坑,zhihu,BBA中，奔驰glc宝马X3，奥迪Q5L哪个值得入手？,https://www.zhihu.com/question/449321891/answer/1947983474,
2026-05-18,X3,坑,zhihu,宝马X3怎么样？值得买吗？,https://www.zhihu.com/question/631270010/answer/2039738194019742758,
2026-05-18,X3,坑,zhihu,特斯拉model 3有哪些硬伤？,https://www.zhihu.com/question/366452377/answer/1979882105338097954,
2026-05-18,X3,坑,zhihu,换代之后的宝马X3为什么销量如此拉胯？,https://www.zhihu.com/question/1915522847771726642/answer/2005896154840330335,
2026-05-18,X3,坑,zhihu,宝马X3、奔驰GLC、奥迪Q5L、沃尔沃XC60哪个好？ ?,https://www.zhihu.com/question/407813855/answer/2037515815776474061,
2026-05-18,X3,坑,google,别再被选配坑惨！宝马X3这波直接掀桌 - 车家号,https://chejiahao.m.autohome.com.cn/info/25133992,博主说的很对，对我我们女性车主，是很容易踩在原配的坑里，能冷静的少，但是很多配置实际应用不大，当时头脑一热，但是x3我认为已经把我平时需要的配置给配置齐了。
2026-05-18,X3,坑,google,"豪华SUV闭眼冲?宝马X3实测3个月,优缺点扒干净,避坑必看",https://cj.sina.cn/articles/view/7857141524/1d4527714019028x7e?froms=ggmp&vt=4,"豪华SUV闭眼冲?宝马X3实测3个月,优缺点扒干净,避坑必看 ... 空间实用能打，家用场景适配度高。车身轴距接近3米，空间利用率极高，实测身高180cm的成年人，调整好 ..."
2026-05-18,X3,坑,google,考虑一辆90k+英里的2018 X3 M40i——值得还是钱坑？,https://www.reddit.com/r/BMWX3/comments/1mvflwn/considering_a_2018_x3_m40i_with_90k_miles_worth/?tl=zh-hans,Reddit · r/BMWX330+ comments  ·  9 months ago
2026-05-18,X3,坑,google,大家觉得买宝马3系还是买宝马X3好呢？,https://www.zhihu.com/question/395241635,坑洼路面. 在多雨水地区、永远都在修的城市道路、乡村小道上，SUV的高通过性更能应付；. 3系的底盘本身就比一般的轿车要低，如果道路坑位太大，就很容易磕到 ...
2026-05-18,X3,坑,google,买宝马X3十大忠告：选车避坑指南，老司机总结全网 ...,https://chejiahao.m.autohome.com.cn/info/20241392,X3的裸车价在34.99万到48.68万之间浮动，但落地价至少45万起。举个例子，买台xDrive30i顶配，加上购置税、保险、上牌费，可能直接破50万。建议提前规划：.
2026-05-18,X3,怎么用,zhihu,X3工具链的使用,https://zhuanlan.zhihu.com/p/1898425671174297316,
2026-05-18,X3,怎么用,zhihu,如何评价咕咚X3和X3-RE精英版运动手表？,https://www.zhihu.com/question/344544900/answer/814486871,
2026-05-18,X3,怎么用,zhihu,相见恨晚的办公神器——讯飞智能办公本X3丝滑体验,https://zhuanlan.zhihu.com/p/651804688,
2026-05-18,X3,怎么用,zhihu,2K出头拿下全钛手表，这算是赚了吗？,https://zhuanlan.zhihu.com/p/2033126222058801107,
2026-05-18,X3,怎么用,google,宝马x3使用功能详细介绍,https://www.autohome.com.cn/ask/3239347.html,"Feb 23, 2024 — 宝马X3是一款豪华SUV，拥有多种实用的功能，下面将详细介绍其中的使用功能。 首先，我们来看一下X3的中控按钮示意图和内部按钮说明。"
2026-05-18,X3,怎么用,google,宝马x3的使用教程,https://m.yiche.com/baike/28261599.htm,1. 熟悉车辆功能：在驾驶宝马X3之前，先熟悉车辆的各个功能和按钮。 · 2. 启动和熄火：将钥匙插入点火开关，踩下刹车踏板，按下发动机启动按钮，发动机启动。 · 3. 调整座椅：找到 ...
2026-05-18,X3,怎么用,google,2021款宝马X3机盖操作演示视频说明书,https://price.pcauto.com.cn/cars/video/sg11244/m100352-564081.html,视频说明书是一个能够让你十分深入细致地了解车辆的每一处设计与功能使用方法的视频栏目。 相关视频. 整车外观展示.
2026-05-18,X5,报错,zhihu,腾讯毒瘤——X5/XWeb内核的坑记录,https://zhuanlan.zhihu.com/p/51160869,
2026-05-18,X5,报错,zhihu,宝马X5传动系统故障,https://zhuanlan.zhihu.com/p/228220357,
2026-05-18,X5,报错,zhihu,记一次有趣的x509问题,https://zhuanlan.zhihu.com/p/648582311,
2026-05-18,X5,报错,google,X系列：无法连接手机Insta360 App,http://onlinemanual.insta360.com/x5/zh-cn/troubleshooting/connection/app-connection,"若为iOS 设备连接X5 时报错“9,18”，建议您将Insta360 App 升级至v2.1.0 及以上版本再尝试连接。 问题现象4：Insta360 App 报错-14177. 请按照以下步骤操作：. 重启手机和相机， ..."
2026-05-18,X5,报错,google,android 腾讯X5 首次安装App 无效问题(webview报错TypeError),https://blog.csdn.net/double2hao/article/details/103282563,1. 1. 原因. 首次安装本地没有X5内核可用，如果在X5初始化结束之前调用webview，那么默认会使用系统内核。 初始化demo源码如下： public class APPAplication extends ...
2026-05-18,X5,报错,google,全新2025 X5 50e 上的动力系统错误信息: r/BMWX5,https://www.reddit.com/r/BMWX5/comments/1h7lmj2/powertrain_error_message_on_brand_new_2025_x5_50e/?tl=zh-hans,Reddit · r/BMWX520+ comments  ·  1 year ago
2026-05-18,X5,报错,google,会声会影X5安装过程中报错找不到指定文件,https://www.lenovo.com.cn/wiki/article-143157.html,解决步骤：首先完全卸载现有会声会影X5；卸载后检查是否残留（如卸载失败或提示“无法卸载”，说明未清理干净），此时需使用Windows Install Clean Up工具彻底清除；确认卸载干净后， ...
2026-05-18,X5,报错,google,基于腾讯x5 的引擎开发的混合app，appim 切换webview 时报错。 ...,https://www.testerhome.com/topics/24935?order_by=like&,Appium 基于腾讯x5 的引擎开发的混合app，appim 切换webview 时报错。哪位大佬帮忙看看，有偿解决。谢谢～ ... 在基于x5 开发的混合应用中，appium 切换webview 报错。
2026-05-18,X5,安装失败,zhihu,"腾讯X5内核,反复下载安装不成功怎么办",https://zhuanlan.zhihu.com/p/679032414,
2026-05-18,X5,安装失败,zhihu,腾讯X5内核这么多坑！？,https://www.zhihu.com/question/55826528/answer/3370918563,
2026-05-18,X5,安装失败,zhihu,Corel draw X5在win10安装不了？,https://www.zhihu.com/question/59352952/answer/169655474,
2026-05-18,X5,安装失败,google,安卓4.4，X5内核安装失败#126,https://github.com/Eanya-Tonic/CCTV_Viewer/issues/126,海信的电视，安卓4.4.2版本，第一次安装可以打开软件，然后在设置里面更改本地x5内核之后闪退回主页面，软件就打不开了。软件是1.8.0版本的含x5内核版本41.1MB ...
2026-05-18,X5,安装失败,google,关于新版微信的x5内核安装失败的解决方法,https://www.bilibili.com/video/BV1JY4y1s76K/,bilibili官网. 下载App. 打开App，流畅又高清. 关于新版微信的x5内核安装失败的解决方法. 鑫随路影. 相关推荐. 查看更多. 小天才卡出原生安卓？最新教程.
2026-05-18,X5,安装失败,google,Android 安装X5内核原创,https://blog.csdn.net/wmm17640203269/article/details/132421494,首先需要下载X5内核所需jar包，官网下载即可。 PS：在线/手动安装需要连接外网。 一、在线安装. 在Application中初始化，会自动检测，没有则自动下载并 ...
2026-05-18,X5,无法开机,zhihu,当手机开不了机，应该怎么办呢？,https://www.zhihu.com/question/5524314247/answer/44663105929,
2026-05-18,X5,无法开机,zhihu,汽车免拆诊断案例 | 2009宝马X5车发动机偶尔无法起动,https://zhuanlan.zhihu.com/p/718219213,
2026-05-18,X5,无法开机,zhihu,为什么手机不能开机了?,https://www.zhihu.com/question/649985239/answer/3442930707,
2026-05-18,X5,无法开机,zhihu,电脑突然无法开机，如何判断是哪部分出现了问题呢？,https://www.zhihu.com/question/12905287915/answer/1898797939075286573,
2026-05-18,X5,无法开机,zhihu,笔记本电脑打不开机怎么办?,https://www.zhihu.com/question/9349099420/answer/80326309294,
2026-05-18,X5,无法开机,google,影石Insta360 x5 问题排查-X系列：相机无法开机,http://onlinemanual.insta360.com/x5/zh-cn/troubleshooting/cannot-turn-on/not-turn-on,解决方案 · 1. 使用原装数据线为相机充电20 分钟，短按电源键尝试开机。 · 2. 尝试重新插拔电池后开机；如有多块电池，可更换电池并尝试开机。 · 3. 如有读卡器，也可尝试通过 ...
2026-05-18,X5,无法开机,google,18、X5无法开机或者死机怎么办？,https://fiio.com/newsinfo/7785.html,18、X5无法开机或者死机怎么办？ · 1. 用一根牙签或者其他细小的工具捅播放器复位孔进行复位。 · 2. 将机子连接到电脑USB后再根据方法1复位（注：此方法不适用于因使用不符合 ...
2026-05-18,X5,无法开机,google,X5 开不了机，只有蓝灯: r/Insta360,https://www.reddit.com/r/Insta360/comments/1o3c9s2/x5_doesnt_turn_on_only_blue_light/?tl=zh-hans,Reddit · r/Insta3602 comments  ·  7 months ago
2026-05-18,X5,无法开机,google,X系列：相机使用时自动开关机,http://onlinemanual.insta360.com/x5/zh-cn/troubleshooting/cannot-turn-on/auto-power-on,相机充电时，自动开机或自动开始录制。 问题原因. 若您在“关机充电设置” 选择了“充电并开机” 选项，相机一旦充电便会开机。
2026-05-18,X5,无法开机,google,宝马x5无法起动发动机是什么原因？,https://www.autohome.com.cn/ask/1135333.html,首先，可能是电路问题导致的，这需要检查车辆的电路是否正常，可以通过观察机动车仪表盘和车辆灯光是否正常来判断。其次，电池问题也可能导致无法启动，需要 ...
2026-05-18,X5,教程,zhihu,Insta360 X5 保姆级教程！手残党也能拍明白,https://zhuanlan.zhihu.com/p/1924527839555880531,
2026-05-18,X5,教程,zhihu,从“不会拍”到“都能拍”，全靠Insta360 X5懂我的“懒”,https://zhuanlan.zhihu.com/p/1918341212366143740,
2026-05-18,X5,教程,zhihu,全景相机还能这么玩？分享影石Insta360 X5玩法技巧！新手小白也能轻松拿捏出大片,https://zhuanlan.zhihu.com/p/1929145526550533099,
2026-05-18,X5,教程,zhihu,用了半年学而思X5，聊聊普通家庭的真实感受,https://zhuanlan.zhihu.com/p/2037964767395062910,
2026-05-18,X5,教程,google,影石Insta360 x5 相机教程-认识X5,http://onlinemanual.insta360.com/x5/zh-cn/camera/productdescription/first,认识X5 · 前置镜头 · 触控显示屏 · 快门键 · 菜单键 · 指示灯 · 后置镜头 · 指示灯. Insta360 Insta360 Insta360. 电池; 扬声器; 电源键; Q 键; USB ...
2026-05-18,X5,教程,google,宝马x5使用教程说明 - 车家号,https://chejiahao.m.autohome.com.cn/info/17935538,宝马X5的智能钥匙，不仅是一把开启车门的工具，更是您出行的得力助手。靠近车辆，它自动解锁；远离车辆，它自动上锁。一键之间，后备箱轻松开启。更有钥匙插口，为您的智能钥匙 ...
2026-05-18,X5,教程,google,User Manual 用户手册,https://res.insta360.com/static/cfdadb8091c810d44ec810f687ee6759/X5_UserManual_CN_v2.pdf,打开Insta360 App，点击App 页面底部「发现新设备」图标，根据弹窗中显示. 的相机及序列号后6 位，选择您需要连接的X5 。首次连接，需在相机屏幕上点击确认.
2026-05-18,X5,坑,zhihu,给你一辆宝马X5一年的使用权，多少人能养的起？,https://www.zhihu.com/question/15200614008/answer/2023487951296833163,
2026-05-18,X5,坑,zhihu,宝马X5有哪些优缺点？,https://www.zhihu.com/question/341630204/answer/2021582680333001610,
2026-05-18,X5,坑,zhihu,在2025年这个时间下的知乎，为什么感觉好多人都跟华为有血海深仇？,https://www.zhihu.com/question/462185324/answer/1947775807524171818,
2026-05-18,X5,坑,zhihu,拥有一辆宝马X5是怎样一种体验？,https://www.zhihu.com/question/306089487/answer/1919332202946229216,
2026-05-18,X5,坑,zhihu,宝马X5，是否值得下决心换？,https://www.zhihu.com/question/1969058165925615253/answer/1977769999964857366,
2026-05-18,X5,坑,google,腾讯X5内核这么多坑！？,https://www.zhihu.com/question/55826528,"Feb 14, 2017 — 最近实验了下X5内核的实用性，感觉然并卵！
1.网页加载并不快
2.X5内核内存占用内存很大
3.体验不佳，首次进入很卡，还 ..."
2026-05-18,X5,坑,google,RDK X5首发上手体验！真的太帅啦！！！ - SkyXZ,https://www.cnblogs.com/SkyXZ/p/18427835,RDK X5的售价真的非常的美丽，首发这段时间还可以享受100的优惠减免，4GB的价格只要449，8GB也只要599，这个价格这个配置这个生态对比其他友商只能说Win~！
2026-05-18,X5,坑,google,YSDK 那些坑如果你的应用之前已经接入过X5 内核,https://juejin.cn/post/6844903535033729031,如果你的应用之前已经接入过X5 内核，在接入YSDK 时可能会出现一些莫名奇妙的问题。虽然YSDK 的接入文档有说明其内置了灯塔SDK 和Bugly SDK ，但是并未提及 ...
2026-05-18,X5,坑,google,腾讯TBS X5浏览器内核入坑指南 - Yorek's Blog,https://blog.yorek.xyz/android/other/%E8%85%BE%E8%AE%AFX5%E5%86%85%E6%A0%B8%E5%85%A5%E5%9D%91%E6%8C%87%E5%8D%97/,接入X5内核而不是原生的WebView的主要原因是X5内核兼容性好（待考证）。其实博主以为原生WebView会奔溃的原因是某些用户在第三方应用市场胡乱“升级”WebView导致不兼容所致。
2026-05-18,X5,坑,google,腾讯X5内核这么多坑！？ - KnIfER 的回答,https://www.zhihu.com/question/55826528/answer/1743719540,最近实验了下X5内核的实用性，感觉然并卵！ 1.网页加载并不快 2.X5内核内存占用内存很大 3.体验不佳，首次进入很卡，还要慢慢下载数据
2026-05-18,X5,怎么用,zhihu,宝马X5车主必备：宝马X5使用说明书电子版｜全新宝马X5用户手册｜宝马X5保养手册,https://zhuanlan.zhihu.com/p/196454523,
2026-05-18,X5,怎么用,zhihu,“文山”“会海”终结者——思必驰AI办公本 X5系列上手体验及测评,https://zhuanlan.zhihu.com/p/1954116966953493847,
2026-05-18,X5,怎么用,google,腾讯浏览服务X5网页引擎SDK合规使用指南,https://x5.tencent.com/docs.html?indator=ComplianceGuide4,1、您接入X5内核SDK前的合规自查为确保您就本SDK的使用获得终端用户的授权，且遵守个人信息保护要求和合规流程，我们建议您在接入X5内核SDK前进行合规自查。 1）请仔细阅读并 ...
2026-05-18,S100,报错,zhihu,在 M1/M2 Mac 本地运行 Stable Diffusion 会怎么样？,https://www.zhihu.com/question/561792906/answer/2999191713,
2026-05-18,S100,报错,zhihu,怎么看待紫光存储推出的s100固态硬盘？,https://www.zhihu.com/question/317956858/answer/675037819,
2026-05-18,S100,报错,zhihu,谈谈逛完wrc后对具身智能硬件架构的疑惑以及思考,https://zhuanlan.zhihu.com/p/1940456980926926911,
2026-05-18,S100,报错,zhihu,米家电动剃须刀选购指南：小米电动剃须刀不同型号的差异,https://zhuanlan.zhihu.com/p/684585031,
2026-05-18,S100,报错,google,业务故障场景（iClient S100） - 11.0.0 解决方案维护指南（分销）,https://support.huawei.com/enterprise/zh/doc/EDOC1100306241/272279e0,处理方法. 请检查iClient S100服务端安装目录所在磁盘是否被异常占满，若是，则覆盖安装最新版本软件，iClient S100启动时将自动清理之前存储的图片。
2026-05-18,S100,报错,google,pro-face 触摸屏出现FATAL ERROR：S100 file is missing 错误,https://bbs.gkzj.net/forum.php?mod=viewthread&tid=25008&page=1&mobile=no,"Jun 25, 2012 — pro-face 触摸屏出现FATAL ERROR：S100 file is missing 错误自己写了个程序，下载到屏里后，屏下面出现Logic program is EmptyFATAL ERROR:S100 file is ..."
2026-05-18,S100,报错,google,如何处理iClient S100无法搜索到摄像机的问题,https://support.huawei.com/enterprise/zh/doc/EDOC1100166686/a92b9aa4,处理步骤 · 在iClient S100首页，选择“维护与管理> 视频设备> 设备列表”。 · 在设备展示区上方，单击“添加”，进入“设备接入”页签。 · 选择“IP接入”，单击“开始 ...
2026-05-18,S100,报错,google,S100 bluetooth error,https://groups.google.com/g/lxnav-user-group/c/eHN9CcoVDVk,
2026-05-18,S100,报错,google,S100 – Activation code not found,https://knowhow.visual-paradigm.com/error-code/s100/,
2026-05-18,S100,安装失败,zhihu,NVIDIA安装程序安装失败怎么弄?,https://www.zhihu.com/question/515543230/answer/1923467474965337586,
2026-05-18,S100,安装失败,zhihu,电脑一直这样是怎么回事啊？一直安装失败?,https://www.zhihu.com/question/630982628/answer/3296448911,
2026-05-18,S100,安装失败,google,iClient S100登录常见问题合集- 华为,https://support.huawei.com/enterprise/zh/knowledge/EKB1100116761,"解决方案: 1)iClient S100服务端进程启动需要大约3分钟,刚安装完或重启电脑后请等待3分钟左右再登录。 2)一套环境中必须要有一套iClient S100服务端,如果 ..."
2026-05-18,S100,安装失败,google,s100怎么安装hobot_dnn或者hobot-llm？ - 新手上路,https://forum.d-robotics.cc/t/topic/34887,"Apr 27, 2026 — 想在s100上用大模型，但是一直下载不了hobot-dnn怎么办？hobot-llm也安装不了."
2026-05-18,S100,安装失败,google,安装客户端- 10.0.0 解决方案安装指南（商业） - 华为,https://support.huawei.com/enterprise/zh/doc/EDOC1100246767/9e79b9e1,V1.3.0及之后版本的iClient S100，要求客户端和服务端版本必须一致，否则客户端无法正常接入到服务端。 从好望商城获取客户端安装包。 注册华为云账号后登录 ...
2026-05-18,S100,安装失败,google,S100安装视频（50升级版）,https://www.bilibili.com/video/BV182421w7pV/,S100安装视频（50升级版）. 西昊售后. 相关推荐. 查看更多. B100pro安装及功能 ... 加载失败. 还看不够？App 内尽情探索吧. 信息网络传播视听节目许可证：0910417. 网络 ...
2026-05-18,S100,安装失败,google,S100测试机编程手册中通信协议配置错误如何解决？,https://ask.csdn.net/questions/9011007,问题：在依据S100测试机编程手册配置通信协议时，常因串口参数（波特率、数据位、停止位、校验方式）设置不匹配导致设备无法响应。
2026-05-18,S100,无法开机,zhihu,为什么手机无法开机?,https://www.zhihu.com/question/603950896/answer/3052422934,
2026-05-18,S100,无法开机,zhihu,手机不能开机应该如何维修？,https://www.zhihu.com/question/562071846/answer/2889169162,
2026-05-18,S100,无法开机,zhihu,【老机升级日记】平平无奇的DELL灵越-5557,https://zhuanlan.zhihu.com/p/347324770,
2026-05-18,S100,无法开机,google,艾诺S100无法开机,https://zhidao.baidu.com/question/132283009.html,屏幕坏的可能性不大，格式化对机子应该无影响的啊，可能是里面的系统故障吧，在保修期，就送去修吧，应该能解决，不过要等些时间。 ...全文. 艾诺S100无法开机 ...
2026-05-18,S100,无法开机,google,华为iClient 故障处理，问题咨询和精品案例,https://support.huawei.com/enterprise/zh/knowledge/iclient-vid-250941805,
2026-05-18,S100,无法开机,google,CD-S100_深圳山灵数码科技发展有限公司,https://www.shanling.com/download/41,解决了可能无法开机的问题. 升级方法 1、下载并解压“CD-S100(21) V1.6 固件升级包 ... 2、将存储设备插入CD-S100 21版，开机，按下多功能旋钮进入设置模式；选择 ...
2026-05-18,S100,无法开机,google,键盘CT - S100 : r/casio,https://www.reddit.com/r/casio/comments/1ioim8b/keyboard_ct_s100/?tl=zh-hans,Reddit · r/casio7 comments  ·  1 year ago
2026-05-18,S100,无法开机,google,艾诺s100无法开机,https://zhidao.baidu.com/question/406471344.html,可能遇上比较专业的问题了。如果能排除数据线或者端口的问题，就建议送修了，去附近的电脑城或者数码城找相关人士处理吧。 ... 屏幕坏的可能性不大，格式化对机子应该无影响的啊 ...
2026-05-18,S100,教程,zhihu,自学钢琴真的很难实现吗？？？,https://www.zhihu.com/question/419458886/answer/2663637716,
2026-05-18,S100,教程,zhihu,自学钢琴能成吗，要怎么做？,https://www.zhihu.com/question/573340855/answer/2826735055,
2026-05-18,S100,教程,zhihu,小米剃须刀s100刀头拆解详细教程,https://zhuanlan.zhihu.com/p/192391409,
2026-05-18,S100,教程,zhihu,千元手搓一台AI机械臂：SO-101从采购到组装全记录（硬件篇）,https://zhuanlan.zhihu.com/p/2039624573973422759,
2026-05-18,S100,教程,zhihu,艾利和SE100怎么安装网易云 ？恳求大神发个教程 。?,https://www.zhihu.com/question/355199828/answer/1234275215,
2026-05-18,S100,教程,google,基础业务配置（iClient S100） - 【分销】12.0.0 打手机检测方案 ...,https://support.huawei.com/enterprise/zh/doc/EDOC1100417532/224f52,操作步骤 ; 在iClient S100首页中，选择“维护与管理 > 视频设备 > 设备列表 > 设备列表”。 ; 在最右侧摄像机列表页面，单击右上角“添加”；或者鼠标右键单击该 ...
2026-05-18,S100,教程,google,rdk_model_zoo_s/README_cn.md at s100,https://github.com/D-Robotics/rdk_model_zoo_s/blob/s100/README_cn.md,
2026-05-18,S100,教程,google,S100声卡使用教程,https://www.bilibili.com/video/BV1Py4y1Q72a/,S100声卡使用教程. 声卡教程. 相关推荐. 查看更多. K6声卡使用教程. 1433 0 ... WDM跳线使用教程来了！详细讲解录音声卡怎么使用WDM2VST的教程. 雅马哈URX-C系列【URX22C ...
2026-05-18,S100,教程,google,s100声卡教程,https://www.douyin.com/shipin/7331728640285083685,"Feb 4, 2024 — S100声卡教程和插线给大家介绍一下s 幺零零声卡的调试和插线。声卡到货先充电，声卡本身不带充电头，使用非快充的充电器就可以使用，快充会把声卡充快。"
2026-05-18,S100,教程,google,S100 EtherCAT Option Manual i,https://sol.ls-electric.com/uploads/document/16399864562491/S100+EtherCAT_User+Manual_KR_200615.pdf,"S100옵션. 모듈은 EtherCAT Master와 목표 주파수 및 상태 정보를 주고 받기 위한 프로세스. 데이터 통신을 주기적으로 수행하며, 에러 상태, 파라미터 읽기/쓰기를 위한."
2026-05-18,S100,坑,zhihu,米家电动剃须刀选哪个？ S100/S500/米家博朗电动剃须刀，可别上当了,https://zhuanlan.zhihu.com/p/458641881,
2026-05-18,S100,坑,zhihu,慎选！这些「小米98/100寸」电视不要买！2026年小米巨幕电视避坑指南TOP3推荐！（1月版）,https://zhuanlan.zhihu.com/p/1920879787553068072,
2026-05-18,S100,坑,zhihu,211本科，最近拿到西门子sales 100的offer，担心销售岗以后发展受限，纠结要不要去?,https://www.zhihu.com/question/422939623/answer/3272815377,
2026-05-18,S100,坑,google,避雷西昊c100，买完之后完全后悔了,https://www.bilibili.com/video/BV1yXUUYrEWJ/,01:21. App. 最终还是选了西昊C100！ 踩坑了，不推荐大家购买西昊S100. 4252 1. 03:23. App. 踩坑了，不推荐大家购买西昊S100. 西昊C300有两个版本的您知道吗，千万别买. 1859 ...
2026-05-18,S100,坑,google,굴착지반의 지하수 배수시스템 및 이를 이용한 관로시공 방법,https://patents.google.com/patent/KR20140096731A/ko,"... S100). 이때, 관로(400)가 시공되는 위치와 배수공(100) 간의 이격거리는, 관로시공시 터파기(410) 깊이와 지하수 수위, 해당 지역의 지반조건 및 수리상수 등에 따라 ..."
2026-05-18,S100,坑,google,RDK S100适配WIFI7模块型号- 通用,https://forum.d-robotics.cc/t/topic/34970,
2026-05-18,S100,坑,google,M9N 40% & S100 100% - 原创分享(新),https://www.chiphell.com/article-33332-1.html,键帽的选择，因为40坑基本都退了，手头也没合适的键帽，近期kei的烧酒用了m9n作为模板，也顺带买了看了一下，颜色的饱和度和明度还是高了一些，颜色是好看的颜色 ...
2026-05-18,S100,怎么用,zhihu,不吹不黑小米家的东西到底怎么样？,https://www.zhihu.com/question/315620843/answer/1546575909,
2026-05-18,S100,怎么用,zhihu,通用海道测量数据模型（S-100）简介（一）,https://zhuanlan.zhihu.com/p/536172666,
2026-05-18,S100,怎么用,zhihu,这些小米剃须刀千万别买！2026推荐6款高性价比小米/米家电动剃须刀,https://zhuanlan.zhihu.com/p/704747615,
2026-05-18,S100,怎么用,google,朗视S100 IPPBX 安装手册,https://www.yeastar.cn/download/Yeastar_S100_Installation_Guide_cn.pdf,BRI口：连接到BRI提供商设备。 注意：请根据端口指示灯的颜色，连接BRI、FXO线路和模拟话机至相应端口。 E1/T1接口. 使用E1专用连接线连接E1口到E1提供商设备。 天线接口.
2026-05-18,S100,怎么用,google,S100-WA01 有人云云端轮询,https://www.usr.cn/wiki/puba/tPyWLXS4h,USR-S100-WA01 USB口，可以接USB转接头，引出485的AB接线，接USB-RS485。引出的电源正负极，接12V电源适配器，正极接正极，负接负，然后上电。需要USR-S100-WA01设置STA模式连接 ...
2026-05-18,S100,怎么用,google,妙控场景屏S100说明书_1747205684232.pdf,https://static-resource.aqara.com/temp/%E5%A6%99%E6%8E%A7%E5%9C%BA%E6%99%AF%E5%B1%8FS100%E8%AF%B4%E6%98%8E%E4%B9%A6_1747205684232.pdf,打开Aqara Home App，点击首页右上角“+”，选择“妙控场. 景屏S100”，并且依照App指示进行操作。 ... 1. 未经授权的维修、误用、碰撞、疏忽、滥用、进液、事故、改动、不正. 确的 ...
2026-05-18,S100,怎么用,google,安装Yeastar S100,https://help.yeastar.com/zh-cn/s-series/installation/install_yeastar_s100.html,
2026-05-18,TROS,报错,zhihu,Python traceback模块与异常返回,https://zhuanlan.zhihu.com/p/141245312,
2026-05-18,TROS,报错,zhihu,为什么 ReAct 已经不够了？从 Plan-Then-Act 到 ToT、LATS 讲透 Agent 规划三条路,https://zhuanlan.zhihu.com/p/2025507995761516929,
2026-05-18,TROS,报错,zhihu,国产操作系统很多年没有搞成为什么有人会认为鸿蒙会成功？,https://www.zhihu.com/question/661764911/answer/3574901981,
2026-05-18,TROS,报错,zhihu,某些外国人对中国有多不了解？,https://www.zhihu.com/question/325279707/answer/2676383446,
2026-05-18,TROS,报错,zhihu,有没有人可以告诉我，为什么我的推特和纸飞机一直都是这个界面？明明都已经下好了，却一直卡在这个界面。?,https://www.zhihu.com/question/1938345283495888083/answer/2038346789053584759,
2026-05-18,TROS,报错,google,"RDKX5的TROS部署自己的yolov8输出结构全是F32,该怎么调整？",https://forum.d-robotics.cc/t/topic/34784,
2026-05-18,TROS,报错,google,Unable to locate package tros-humble-originbot-base E,https://wenku.csdn.net/answer/53jg1cooqj,无法定位包错误的原因及解决方案 · 软件源未更新或不包含目标包。 · 目标包名称拼写有误。 · 当前系统的发行版或架构不受支持。
2026-05-18,TROS,报错,google,6.1 TROS - UTMSYS,https://wiki.utmsys.org/Software_Install/TROS/,6.1 TROS · 为实现ROS2与PX4通信，需要在RDK X5 Module安装。 · TROS是D-Robotics针对RDK平台在ROS2 Humble版本上进行了功能优化及扩展。 · 安装TROS后，无需再安装ROS2。
2026-05-18,TROS,报错,google,TogetherROS系统安装,https://hhp.guyuehome.com/hhp/2.2_TogetherROS%E7%B3%BB%E7%BB%9F%E5%AE%89%E8%A3%85/,
2026-05-18,TROS,报错,google,"How to easily fix a small (but stupid) error in TROS, and ...",https://www.reddit.com/r/saltierthancrait/comments/xu0tw4/how_to_easily_fix_a_small_but_stupid_error_in/,Reddit · r/saltierthancrait4 comments  ·  3 years ago
2026-05-18,TROS,安装失败,zhihu,TrollInstallerDark，新巨魔安装器发布,https://zhuanlan.zhihu.com/p/2039475662940022335,
2026-05-18,TROS,安装失败,zhihu,【最新】一直安装失败？巨魔商店2 TrollStore2 正式版安装教程！简单小白可操作~,https://zhuanlan.zhihu.com/p/670172947,
2026-05-18,TROS,安装失败,zhihu,为什么tomcat老安装失败？,https://www.zhihu.com/question/47249260/answer/2656311709,
2026-05-18,TROS,安装失败,google,ROS安装及其错误集锦解决方案原创,https://blog.csdn.net/ht_0628/article/details/105065520,
2026-05-18,TROS,安装失败,google,安装失败,https://fishros.org.cn/forum/topic/3364/%E5%AE%89%E8%A3%85%E5%A4%B1%E8%B4%A5,安装失败 · 如果之前安装过ROS，可能在您的shell 配置文件中（如 .bashrc 或 .zshrc ）有旧的设置。检查这些文件，确保没有指向错误路径的 source 命令。
2026-05-18,TROS,安装失败,google,安装ROS教程，以及安装时遇到的问题和解决办法,https://zhuanlan.zhihu.com/p/416256339,第一，在使用sudo apt install ros-xxx-desktop-full时，需注意Ubuntu版本应与ROS版本匹配，否则会出现“无法定位软件包”问题。具体Ubuntu版本应该安装哪款ros，可浏览器搜索 ...
2026-05-18,TROS,安装失败,google,安装故障排除— ROS 2 Documentation: Humble 文档,http://fishros.org/doc/ros2/humble/How-To-Guides/Installation-Troubleshooting.html,导入失败，因为系统上没有找到所需的库。   ... 有时候， rclpy 导入失败是因为找不到预期的C 扩展库。如果是这样，请将目录中存在的库与错误消息中提到的库进行比较。
2026-05-18,TROS,无法开机,zhihu,电脑突然无法开机，如何判断是哪部分出现了问题呢？,https://www.zhihu.com/question/12905287915/answer/1998038161352320150,
2026-05-18,TROS,无法开机,zhihu,电脑无法开机时，有哪些有效的解决方法可以尝试呢？,https://www.zhihu.com/question/11746026943/answer/97985503932,
2026-05-18,TROS,无法开机,zhihu,电脑无法开机时，有哪些有效的解决方法可以尝试呢？,https://www.zhihu.com/question/11746026943/answer/99934419553,
2026-05-18,TROS,无法开机,zhihu,电脑开不了机了，这种要怎么处理？,https://www.zhihu.com/question/667117570/answer/3625064258,
2026-05-18,TROS,无法开机,zhihu,电脑不能正常启动怎么回事?,https://www.zhihu.com/question/369240038/answer/1907813517475705276,
2026-05-18,TROS,无法开机,google,sensevoice_ros2/README_cn.md at develop · D-Robotics/ ...,https://github.com/D-Robotics/sensevoice_ros2/blob/develop/README_cn.md,# 配置tros.b humble环境 source /opt/tros/humble/setup.bash #启动launch文件 ... 常见问题. 无法打开音频设备？ 确认音频设备连接是否正常; 确认是否正确配置 ...
2026-05-18,TROS,无法开机,google,[hobot_tts]: Synthesis failed with error code: 65541 · Issue #5,https://github.com/D-Robotics/hobot_tts/issues/5,
2026-05-18,TROS,无法开机,google,在TROS.A中跑导远ins570d-CSDN博客,https://blog.csdn.net/m0_48366629/article/details/140326138,INS570D · 最新发布 TROS.A环境下导远INS570D的CAN通信调试实战 · 天准域控实战：TROS.A环境下导远INS570D惯导数据采集全流程（附CAN电阻避坑指南） ·.A开发 ...
2026-05-18,TROS,无法开机,google,旭日x3派开发板试用(一) 镜像烧录、开机、ROS及 ...,https://zhuanlan.zhihu.com/p/549064805,有的tf卡可能烧录成功但无法正常开机，建议采用16GB以上，带有C10标志的闪迪tf卡，如下图中所标记的黑框. ‍tf读卡器. 普通的读卡器即可. type c电源线.
2026-05-18,TROS,教程,zhihu,一个很简单的交易系统。,https://zhuanlan.zhihu.com/p/2026430635,
2026-05-18,TROS,教程,zhihu,地平线机器人开发平台系列教程| 6.TogetherROS系统配置,https://zhuanlan.zhihu.com/p/557780947,
2026-05-18,TROS,教程,zhihu,地平线机器人开发平台系列教程| 5.TogetherROS系统安装,https://zhuanlan.zhihu.com/p/557348199,
2026-05-18,TROS,教程,google,基于TROS.A的智能驾驶软件开发范式| 地平线「你好,https://zhuanlan.zhihu.com/p/638528069,公开课由地平线TROS.A系统架构师傅亚涛主讲，主题为《基于TogetheROS.Auto的智能驾驶软件开发范式》。 本文是此次技术公开课主讲环节的实录整理。如果对 ...
2026-05-18,TROS,教程,google,FreeRTOS(教程非常详细） 原创,https://blog.csdn.net/qq_61672347/article/details/125748646,这里面说的单片机编程通常都是指裸机编程，即不加入任何RTOS （Real Time Operating System 实时操作系统）的程序。常用的RTOS 有国外的FreeRTOS、 μC/OS、 ...
2026-05-18,TROS,教程,google,RTOS 基础知识,https://freertos.org/zh-cn-cmn-s/Documentation/01-FreeRTOS-quick-start/01-Beginners-guide/01-RTOS-fundamentals,实时操作系统概述. 引言. 实时操作系统(RTOS) 是一种体积小巧、确定性强的计算机操作系统。 RTOS 通常用于需要在严格时间限制内对外部事件做出反应的嵌入式系统，如医疗 ...
2026-05-18,TROS,坑,zhihu,Trae国际版的新付费计划之巨坑,https://zhuanlan.zhihu.com/p/2011329746626167658,
2026-05-18,TROS,坑,zhihu,26-cv-01646，79店陷Korobov超现实主义版权TRO雷区！速查自救！,https://zhuanlan.zhihu.com/p/2035320795652731994,
2026-05-18,TROS,坑,zhihu,2026 年亚马逊跨境电商的残酷真相：为什么你明明合规经营，还是会被坑到血本无归？,https://zhuanlan.zhihu.com/p/2037946116298289951,
2026-05-18,TROS,坑,zhihu,收到 TRO 的那天，他删掉了 Listing 里一个普通单词,https://zhuanlan.zhihu.com/p/2037952906050134192,
2026-05-18,TROS,怎么用,zhihu,一小时上手Trae：从界面布局，到一个简单的登录页面实现,https://zhuanlan.zhihu.com/p/1928818825392034634,
